id_transaccion,fecha_venta,producto,cantidad,precio_unitario,cliente_id,provincia,metodo_pago,vendedor,costo_envio
TRX-11319,2023-01-23,Vino Malbec,15,7027.39,CLI-1102,Catamarca,Efectivo,Ana García,283.94
TRX-10954,2023-04-02,Vino Malbec,1,11828.03,CLI-543,La Rioja,Transferencia,Soporte Ventas,1039.02
TRX-10409,2023-07-29,Espumante,12,1695.76,CLI-727,San Juan,,Ana García,646.77
TRX-10179,2023-12-22,Vino Rosado,10,8501.12,CLI-1071,San Juan,Tarjeta de Crédito,Ana García,594.35
TRX-10589,2023-10-14,Syrah,23,1513.78,CLI-559,Catamarca,Efectivo,Marta Gómez,794.49
TRX-11224,2023-10-07,,15,2449.39,CLI-1287,Catamarca,Efectivo,Ana García,940.66
TRX-11287,2023-11-02,Vino Blend,7,1566.09,CLI-1039,Mendoza,Transferencia,Juan Pérez,238.79
TRX-12435,2023-03-08,Espumante,12,8065.93,CLI-1046,Mendoza,Transferencia,Marta Gómez,530.19
TRX-12467,2023-04-21,Syrah,22,10657.96,CLI-1426,Salta,Efectivo,Juan Pérez,556.64
TRX-10065,2024-01-07,Cabernet Sauvignon,23,2982.95,CLI-567,La Rioja,Efectivo,Marta Gómez,238.16
TRX-11897,2023-03-18,Bonarda,6,6761.15,CLI-1057,Catamarca,Transferencia,Ana García,1221.29
TRX-12200,2024-02-29,Syrah,15,,CLI-882,Neuquén,Efectivo,Marta Gómez,1407.79
TRX-11513,2023-03-14,Vino Chardonnay,1,,CLI-1314,Catamarca,Efectivo,Ana García,1472.18
TRX-10710,2023-07-13,Vino Malbec,8,6520.01,CLI-692,San Juan,Transferencia,Luis Rodriguez,511.81
TRX-12180,2024-03-03,Vino Rosado,16,10931.06,CLI-875,Mendoza,Transferencia,Marta Gómez,1359.55
TRX-10707,2024-02-18,Syrah,8,6451.56,CLI-606,Mendoza,Transferencia,Marta Gómez,684.02
TRX-11109,2023-07-13,Cabernet Sauvignon,21,4148.63,CLI-1492,La Rioja,App Mobile,Ana García,379.07
TRX-10893,2023-12-04,Cabernet Sauvignon,19,2740.15,CLI-1064,Mendoza,,Juan Pérez,1262.14
TRX-11850,2024-02-06,Cabernet Sauvignon,1,11389.79,CLI-718,San Juan,Transferencia,Soporte Ventas,889.19
TRX-12194,2023-10-08,Vino Blend,16,7063.12,CLI-1220,La Rioja,,Juan Pérez,240.76
TRX-11978,2023-08-16,Vino Malbec,20,2274.96,CLI-1326,San Juan,Efectivo,Luis Rodriguez,914.95
TRX-10853,2023-02-03,Espumante,24,4183.21,CLI-941,Catamarca,Transferencia,Ana García,520.4
TRX-10227,2023-07-22,Vino Chardonnay,8,6596.73,CLI-1496,La Rioja,Tarjeta de Crédito,Soporte Ventas,1382.45
TRX-12242,2023-02-12,Syrah,7,9439.72,CLI-1368,Neuquén,App Mobile,Marta Gómez,329.27
TRX-11118,2024-02-21,Cabernet Sauvignon,12,9529.66,CLI-570,La Rioja,Transferencia,Ana García,212.34
TRX-10033,2023-09-17,Syrah,11,7554.65,CLI-1320,Salta,Transferencia,Luis Rodriguez,741.36
TRX-10776,2023-01-29,Bonarda,19,2431.81,CLI-873,Catamarca,,Ana García,1144.29
TRX-11864,2023-11-18,Espumante,23,6661.33,CLI-567,Catamarca,Efectivo,Luis Rodriguez,680.65
TRX-11144,2023-03-26,Vino Malbec,24,4200.89,CLI-693,Catamarca,Tarjeta de Crédito,Juan Pérez,508.42
TRX-12128,2024-03-02,Espumante,24,,CLI-1203,Catamarca,App Mobile,Luis Rodriguez,283.13
TRX-10023,2023-08-08,Vino Blend,15,10425.37,CLI-641,Catamarca,App Mobile,Soporte Ventas,1487.75
TRX-11198,2023-02-10,Vino Malbec,6,11739.2,CLI-930,Neuquén,App Mobile,Juan Pérez,1104.69
TRX-11100,2023-10-11,Vino Malbec,9,6576.7,CLI-755,Neuquén,App Mobile,Juan Pérez,1026.65
TRX-10101,2023-10-13,Cabernet Sauvignon,3,10486.73,CLI-923,Catamarca,Tarjeta de Crédito,Marta Gómez,506.16
TRX-12037,2023-11-06,Espumante,16,2674.34,CLI-618,San Juan,,Soporte Ventas,624.62
TRX-11867,2024-02-15,Vino Rosado,12,1623.81,CLI-756,Neuquén,Tarjeta de Crédito,Luis Rodriguez,952.05
TRX-10616,2024-03-05,Syrah,9,6191.47,CLI-755,Mendoza,Efectivo,Juan Pérez,1293.75
TRX-10034,2023-05-16,Vino Malbec,12,2472.74,CLI-1269,San Juan,Tarjeta de Crédito,Ana García,305.6
TRX-10485,2023-01-23,Vino Blend,16,2158.54,CLI-662,Mendoza,Transferencia,Marta Gómez,1068.14
TRX-10805,2023-08-23,,15,5421.76,CLI-1431,San Juan,Transferencia,Soporte Ventas,291.51
TRX-12404,2023-11-02,Cabernet Sauvignon,20,1819.46,CLI-1116,La Rioja,Efectivo,Soporte Ventas,777.58
TRX-12284,2024-01-25,Vino Rosado,7,10759.06,CLI-1391,Catamarca,Efectivo,Ana García,1348.09
TRX-11135,2023-11-29,Espumante,17,,CLI-1434,Mendoza,Transferencia,Juan Pérez,1251.09
TRX-11916,2023-02-20,Vino Rosado,7,7266.05,CLI-775,Catamarca,Efectivo,Soporte Ventas,809.52
TRX-12134,2023-07-19,Bonarda,8,6980.72,CLI-940,San Juan,Efectivo,Luis Rodriguez,1246.41
TRX-10157,2023-12-12,Vino Blend,1,5834.54,CLI-680,Catamarca,Efectivo,Ana García,1275.73
TRX-11544,2023-10-22,Espumante,18,,CLI-623,La Rioja,Efectivo,Luis Rodriguez,411.35
TRX-10751,2023-02-17,Vino Rosado,22,4389.54,CLI-1371,San Juan,Efectivo,Ana García,1033.53
TRX-11459,2023-04-12,Cabernet Sauvignon,5,1564.93,CLI-1489,San Juan,Tarjeta de Crédito,Marta Gómez,1323.58
TRX-11405,2024-03-24,Espumante,4,7098.9,CLI-624,Neuquén,Transferencia,Marta Gómez,1440.35
TRX-10416,2024-02-29,Espumante,23,7563.7,CLI-518,Catamarca,Transferencia,Ana García,787.14
TRX-11117,2023-04-11,Vino Malbec,3,9296.33,CLI-614,Catamarca,,Luis Rodriguez,1476.26
TRX-11743,2023-01-13,Espumante,19,9529.61,CLI-841,Catamarca,Efectivo,Juan Pérez,1403.24
TRX-10223,2023-02-08,Syrah,22,4782.43,CLI-1131,Salta,Transferencia,Ana García,1178.97
TRX-11310,2023-06-11,Bonarda,16,5893.55,CLI-761,San Juan,App Mobile,Ana García,1205.96
TRX-10822,2023-02-26,Cabernet Sauvignon,16,7304.98,CLI-1395,Mendoza,Efectivo,Luis Rodriguez,617.91
TRX-10239,2024-01-15,Syrah,10,4543.39,CLI-734,San Juan,Tarjeta de Crédito,Ana García,1430.88
TRX-11212,2023-05-03,,4,11292.24,CLI-828,La Rioja,Transferencia,Ana García,955.61
TRX-11121,2023-03-13,,5,4605.0,CLI-544,Neuquén,Efectivo,Soporte Ventas,607.08
TRX-11909,2023-04-01,Vino Malbec,7,1977.67,CLI-1372,Salta,Tarjeta de Crédito,Soporte Ventas,410.41
TRX-10106,2023-09-15,Bonarda,1,2080.44,CLI-1339,Catamarca,Transferencia,Juan Pérez,309.47
TRX-10497,2023-06-01,Bonarda,24,2684.49,CLI-1374,Mendoza,Transferencia,Juan Pérez,1472.27
TRX-10681,2023-01-19,Bonarda,19,8814.24,CLI-902,San Juan,,Luis Rodriguez,631.08
TRX-10116,2023-04-20,Syrah,5,11148.51,CLI-890,Neuquén,Transferencia,Juan Pérez,599.43
TRX-10066,2024-03-04,Vino Blend,15,7468.51,CLI-1263,La Rioja,App Mobile,Soporte Ventas,967.89
TRX-11066,2023-12-28,Cabernet Sauvignon,19,2406.29,CLI-935,Neuquén,Tarjeta de Crédito,Ana García,236.71
TRX-12490,2024-01-26,Vino Chardonnay,13,10132.96,CLI-741,Neuquén,Efectivo,Marta Gómez,784.29
TRX-11120,2023-08-08,Vino Rosado,18,7977.74,CLI-895,Catamarca,Tarjeta de Crédito,Luis Rodriguez,1315.55
TRX-10297,2023-09-30,Espumante,1,6260.64,CLI-638,Neuquén,Transferencia,Soporte Ventas,1253.32
TRX-10036,2023-03-19,Vino Rosado,19,5988.72,CLI-1434,Mendoza,Tarjeta de Crédito,Luis Rodriguez,508.29
TRX-11366,2023-01-07,Syrah,17,10021.04,CLI-793,Neuquén,Transferencia,Soporte Ventas,393.92
TRX-10168,2024-01-02,Vino Blend,16,,CLI-1306,Neuquén,,Marta Gómez,1486.67
TRX-11335,2023-07-13,Vino Blend,14,10343.92,CLI-954,San Juan,Tarjeta de Crédito,Soporte Ventas,1463.99
TRX-12372,2023-02-16,Syrah,20,3685.75,CLI-1323,Mendoza,Efectivo,Ana García,374.07
TRX-11437,2024-03-21,Syrah,10,7606.0,CLI-963,Neuquén,App Mobile,Ana García,1145.8
TRX-10957,2023-06-17,Bonarda,1,5422.36,CLI-768,Neuquén,App Mobile,Ana García,996.27
TRX-12031,2023-03-29,Vino Chardonnay,16,3694.16,CLI-1051,San Juan,Transferencia,Luis Rodriguez,1247.83
TRX-11332,2023-12-12,Espumante,24,5330.53,CLI-631,Neuquén,Efectivo,Juan Pérez,1063.11
TRX-11448,2023-06-28,Bonarda,14,9165.35,CLI-732,Catamarca,App Mobile,Luis Rodriguez,285.21
TRX-11636,2023-05-29,Cabernet Sauvignon,17,11554.41,CLI-1162,La Rioja,Tarjeta de Crédito,Ana García,1023.44
TRX-10041,2023-11-13,Vino Blend,6,5368.98,CLI-891,Mendoza,App Mobile,Marta Gómez,473.3
TRX-11456,2023-11-14,Syrah,15,3523.97,CLI-797,La Rioja,,Soporte Ventas,1406.89
TRX-10523,2023-08-24,Vino Chardonnay,4,9694.37,CLI-804,Mendoza,App Mobile,Soporte Ventas,827.84
TRX-11480,2023-03-24,Syrah,17,4161.82,CLI-623,Salta,App Mobile,Soporte Ventas,234.75
TRX-11229,2024-03-01,Vino Blend,15,7584.56,CLI-1016,Catamarca,Efectivo,Marta Gómez,384.79
TRX-11329,2023-02-11,Cabernet Sauvignon,17,5918.71,CLI-847,Neuquén,,Juan Pérez,1155.69
TRX-11000,2023-12-16,Cabernet Sauvignon,24,11153.34,CLI-908,Catamarca,Transferencia,Luis Rodriguez,1195.02
TRX-11274,2024-03-07,Vino Chardonnay,21,9144.42,CLI-968,Salta,Tarjeta de Crédito,Juan Pérez,892.04
TRX-11662,2023-05-11,Cabernet Sauvignon,21,2791.23,CLI-513,Catamarca,Transferencia,Marta Gómez,1133.86
TRX-10246,2023-06-16,Vino Malbec,10,9676.24,CLI-551,Catamarca,Efectivo,Luis Rodriguez,449.72
TRX-11658,2023-10-22,Vino Blend,2,4088.5,CLI-669,La Rioja,Transferencia,Soporte Ventas,1121.19
TRX-10228,2023-09-27,Vino Malbec,20,5564.41,CLI-1235,Mendoza,,Ana García,330.07
TRX-10988,2024-01-14,Bonarda,1,7493.21,CLI-1275,Neuquén,App Mobile,Juan Pérez,568.7
TRX-10079,2023-07-17,Espumante,20,10400.6,CLI-937,San Juan,Efectivo,Marta Gómez,1009.19
TRX-10530,2024-01-24,Vino Rosado,10,3070.54,CLI-563,San Juan,Tarjeta de Crédito,Marta Gómez,1314.73
TRX-11374,2023-03-27,Cabernet Sauvignon,4,10168.54,CLI-945,San Juan,Transferencia,Ana García,267.73
TRX-11611,2023-04-20,Vino Rosado,4,6522.71,CLI-614,Salta,Tarjeta de Crédito,Juan Pérez,759.16
TRX-10185,2023-12-13,Vino Chardonnay,20,,CLI-1058,San Juan,Efectivo,Marta Gómez,481.36
TRX-11382,2024-03-22,Syrah,13,3781.82,CLI-768,Neuquén,,Juan Pérez,541.34
TRX-11882,2023-01-30,Syrah,8,9060.85,CLI-1281,Mendoza,,Ana García,604.25
TRX-10242,2023-05-19,Bonarda,20,7543.79,CLI-1452,Salta,Tarjeta de Crédito,Juan Pérez,1058.73
TRX-12076,2023-11-18,,3,11221.37,CLI-1492,Catamarca,,Juan Pérez,956.83
TRX-10891,2023-12-31,Vino Rosado,18,6832.79,CLI-1181,Neuquén,Transferencia,Luis Rodriguez,1367.1
TRX-12154,2023-01-06,Bonarda,14,7690.16,CLI-895,Catamarca,App Mobile,Soporte Ventas,1113.3
TRX-11412,2023-11-01,Bonarda,7,10103.65,CLI-692,Mendoza,App Mobile,Juan Pérez,894.47
TRX-11889,2024-02-08,Vino Blend,9,1853.17,CLI-1372,San Juan,Efectivo,Marta Gómez,1172.88
TRX-11483,2023-08-30,,21,7999.51,CLI-625,Catamarca,Efectivo,Soporte Ventas,368.67
TRX-10410,2023-12-19,Syrah,5,7876.91,CLI-1415,San Juan,App Mobile,Marta Gómez,1144.98
TRX-12039,2024-01-28,Vino Chardonnay,12,3226.76,CLI-671,San Juan,Transferencia,Soporte Ventas,691.38
TRX-11406,2023-02-18,Bonarda,5,9063.76,CLI-1363,Salta,Transferencia,Ana García,232.87
TRX-11363,2023-02-13,Vino Malbec,4,5712.42,CLI-589,Neuquén,Tarjeta de Crédito,Juan Pérez,1011.89
TRX-10900,2023-05-30,Syrah,8,11306.65,CLI-1294,Mendoza,Transferencia,Ana García,450.14
TRX-11217,2023-03-13,Vino Blend,24,6661.74,CLI-1241,Mendoza,Tarjeta de Crédito,Soporte Ventas,1335.64
TRX-10145,2023-07-16,Vino Blend,12,4629.76,CLI-1067,Mendoza,Transferencia,Soporte Ventas,1192.97
TRX-10672,2024-01-06,Syrah,15,7523.54,CLI-1303,Mendoza,App Mobile,Juan Pérez,1061.71
TRX-12265,2023-03-24,,4,3063.69,CLI-1080,Neuquén,App Mobile,Ana García,1180.63
TRX-10763,2023-08-05,Vino Chardonnay,7,9288.68,CLI-1076,Salta,Transferencia,Marta Gómez,1273.94
TRX-10892,2023-11-06,Vino Chardonnay,21,7416.23,CLI-951,Catamarca,App Mobile,Soporte Ventas,1219.67
TRX-10084,2023-10-12,,19,8186.41,CLI-548,Mendoza,Efectivo,Marta Gómez,801.01
TRX-12428,2023-08-01,Vino Malbec,24,6509.1,CLI-681,Catamarca,App Mobile,Soporte Ventas,1192.83
TRX-10544,2023-08-31,Espumante,15,10887.41,CLI-568,Mendoza,Tarjeta de Crédito,Marta Gómez,345.34
TRX-10961,2023-07-26,Vino Blend,24,7915.68,CLI-1344,Catamarca,Tarjeta de Crédito,Marta Gómez,1382.38
TRX-12287,2023-12-30,Vino Malbec,18,,CLI-751,Salta,App Mobile,Ana García,851.82
TRX-12136,2023-06-26,Vino Rosado,17,6963.32,CLI-554,Neuquén,,Juan Pérez,227.09
TRX-10501,2023-04-06,Vino Rosado,9,4817.13,CLI-1406,Catamarca,Efectivo,Juan Pérez,1380.72
TRX-10747,2024-02-19,Espumante,1,5680.08,CLI-1316,Salta,App Mobile,Marta Gómez,537.86
TRX-10172,2023-12-23,Vino Malbec,12,2780.66,CLI-867,San Juan,App Mobile,Soporte Ventas,1401.2
TRX-12239,2023-09-09,Bonarda,14,8881.45,CLI-1360,Catamarca,Tarjeta de Crédito,Soporte Ventas,1430.61
TRX-12289,2023-07-29,Espumante,14,9164.87,CLI-1382,Mendoza,,Soporte Ventas,612.3
TRX-10029,2023-10-10,Bonarda,2,4996.22,CLI-1040,Salta,App Mobile,Juan Pérez,487.08
TRX-10001,2023-05-06,Espumante,20,6641.95,CLI-725,Catamarca,Efectivo,Soporte Ventas,734.76
TRX-11990,2023-12-14,Syrah,7,3922.54,CLI-705,San Juan,App Mobile,Marta Gómez,242.88
TRX-10015,2024-02-16,Vino Rosado,0,11000.43,CLI-1058,Salta,App Mobile,Juan Pérez,937.59
TRX-11392,2023-06-14,Espumante,20,9016.95,CLI-946,Catamarca,,Juan Pérez,1077.68
TRX-10856,2023-09-03,Vino Chardonnay,4,10378.56,CLI-1477,Catamarca,Tarjeta de Crédito,Ana García,1235.15
TRX-11914,2023-12-03,Vino Chardonnay,2,8218.71,CLI-748,La Rioja,Transferencia,Soporte Ventas,990.52
TRX-12319,2023-03-18,Cabernet Sauvignon,14,3603.66,CLI-1143,LA RIOJA,,Luis Rodriguez,934.97
TRX-10538,2023-09-28,Vino Rosado,5,3608.46,CLI-981,San Juan,,Soporte Ventas,333.54
TRX-11471,2023-10-05,Cabernet Sauvignon,11,3150.57,CLI-1378,Mendoza,Tarjeta de Crédito,Ana García,659.89
TRX-11667,2023-09-20,Cabernet Sauvignon,3,5809.07,CLI-1154,San Juan,Transferencia,Juan Pérez,1208.11
TRX-10709,2024-01-05,Vino Rosado,21,2333.07,CLI-545,Neuquén,Transferencia,Marta Gómez,586.39
TRX-11505,2023-05-20,Bonarda,12,10034.33,CLI-1332,Mendoza,Tarjeta de Crédito,Marta Gómez,798.67
TRX-10765,2023-11-11,Syrah,4,3069.68,CLI-687,Mendoza,App Mobile,Luis Rodriguez,1133.36
TRX-11417,2023-01-09,Espumante,17,6229.38,CLI-1329,Neuquén,Tarjeta de Crédito,Juan Pérez,1246.16
TRX-11034,2024-02-21,Vino Blend,19,9817.17,CLI-1179,Salta,Tarjeta de Crédito,Marta Gómez,1074.61
TRX-11661,2024-01-16,Syrah,24,8576.3,CLI-1429,Catamarca,,Luis Rodriguez,213.06
TRX-12119,2023-11-13,Vino Rosado,4,10567.95,CLI-719,Catamarca,,Ana García,1318.42
TRX-11193,2023-07-25,Bonarda,22,2003.02,CLI-609,Neuquén,Efectivo,Juan Pérez,1441.15
TRX-11065,2023-04-25,Vino Blend,23,10144.5,CLI-1141,San Juan,Efectivo,Ana García,998.84
TRX-12077,2023-04-27,Vino Blend,23,9491.46,CLI-565,Salta,Efectivo,Ana García,326.67
TRX-11018,2023-05-27,Bonarda,6,3105.29,CLI-793,Mendoza,Efectivo,Marta Gómez,926.87
TRX-11220,2023-09-15,Vino Rosado,1,,CLI-564,Catamarca,,Juan Pérez,452.02
TRX-11963,2023-06-16,Espumante,19,2687.53,CLI-830,Salta,Transferencia,Marta Gómez,646.25
TRX-11353,2023-04-25,Cabernet Sauvignon,6,3138.89,CLI-519,San Juan,Efectivo,Luis Rodriguez,289.2
TRX-12115,2024-02-13,Cabernet Sauvignon,3,3945.7,CLI-511,Catamarca,,Soporte Ventas,1412.59
TRX-12188,2023-03-27,Vino Chardonnay,10,7506.9,CLI-1299,Neuquén,Transferencia,Ana García,1106.32
TRX-10675,2024-02-20,Bonarda,6,6908.47,CLI-1196,Catamarca,Transferencia,Ana García,1107.98
TRX-12009,2024-02-06,Vino Rosado,16,3013.61,CLI-1101,Mendoza,,Juan Pérez,1176.44
TRX-10803,2024-02-24,Syrah,13,11806.66,CLI-729,Neuquén,Tarjeta de Crédito,Ana García,332.86
TRX-11964,2024-03-12,Vino Malbec,18,8908.67,CLI-744,Catamarca,,Marta Gómez,1389.22
TRX-10509,2023-12-08,Vino Malbec,1,6914.69,CLI-783,La Rioja,Efectivo,Soporte Ventas,778.04
TRX-10262,2023-04-22,Vino Malbec,12,11003.23,CLI-1433,Catamarca,,Marta Gómez,927.66
TRX-10521,2023-06-18,Vino Rosado,24,6360.87,CLI-942,San Juan,,Soporte Ventas,764.68
TRX-11755,2023-10-24,Syrah,9,7557.95,CLI-1429,Catamarca,Tarjeta de Crédito,Soporte Ventas,257.09
TRX-11535,2023-06-29,Vino Blend,11,8018.38,CLI-896,San Juan,Efectivo,Ana García,1069.35
TRX-12140,2023-10-26,Vino Rosado,4,10071.27,CLI-1493,Mendoza,Transferencia,Ana García,869.87
TRX-12139,2023-06-15,Bonarda,16,2922.32,CLI-1494,Mendoza,,Soporte Ventas,712.52
TRX-11077,2023-09-12,Cabernet Sauvignon,6,5270.47,CLI-736,Neuquén,Tarjeta de Crédito,Ana García,1157.9
TRX-12051,2023-01-30,Vino Blend,19,5490.41,CLI-756,Neuquén,Tarjeta de Crédito,Soporte Ventas,1314.37
TRX-11167,2023-02-18,Vino Malbec,13,1806.94,CLI-889,Catamarca,,Juan Pérez,705.97
TRX-12072,2023-04-28,Espumante,24,10125.32,CLI-664,La Rioja,App Mobile,Soporte Ventas,901.83
TRX-11175,2023-12-27,,21,3379.05,CLI-781,Catamarca,Efectivo,Marta Gómez,669.13
TRX-10722,2023-09-14,Cabernet Sauvignon,23,2594.86,CLI-947,La Rioja,Transferencia,Luis Rodriguez,636.1
TRX-10333,2023-01-20,Vino Rosado,4,6185.66,CLI-826,Salta,,Juan Pérez,463.08
TRX-10584,2024-03-15,Bonarda,3,5612.4,CLI-1128,Catamarca,,Ana García,399.0
TRX-10927,2023-07-04,Vino Rosado,7,2191.11,CLI-1430,La Rioja,Transferencia,Juan Pérez,1288.33
TRX-11410,2023-08-03,Vino Rosado,11,,CLI-1131,Mendoza,,Juan Pérez,223.07
TRX-10486,2023-06-21,Syrah,1,2199.19,CLI-990,Catamarca,App Mobile,Marta Gómez,1165.89
TRX-11496,2024-01-10,,13,10581.66,CLI-546,La Rioja,Tarjeta de Crédito,Juan Pérez,846.06
TRX-11503,2023-07-21,Vino Malbec,19,3281.0,CLI-1089,Neuquén,Transferencia,Juan Pérez,1147.09
TRX-11266,2023-03-19,Bonarda,5,11100.37,CLI-1172,La Rioja,App Mobile,Luis Rodriguez,680.44
TRX-10417,2024-01-17,Espumante,3,4428.95,CLI-1434,La Rioja,Transferencia,Ana García,217.74
TRX-11587,2023-11-20,Vino Blend,24,3991.97,CLI-708,Salta,,Soporte Ventas,1199.13
TRX-10199,2023-05-25,Cabernet Sauvignon,17,9731.35,CLI-1383,La Rioja,App Mobile,Ana García,1077.74
TRX-11911,2023-05-03,Espumante,10,,CLI-668,Salta,Efectivo,Marta Gómez,1341.04
TRX-10553,2023-02-09,Syrah,19,11937.81,CLI-1094,Salta,,Marta Gómez,1326.69
TRX-12371,2023-04-21,Bonarda,13,10138.5,CLI-1037,Neuquén,App Mobile,Soporte Ventas,1156.33
TRX-12177,2024-01-30,Bonarda,13,9981.86,CLI-1193,San Juan,Efectivo,Juan Pérez,1026.65
TRX-11907,2023-01-08,Bonarda,23,3561.08,CLI-1385,Catamarca,App Mobile,Soporte Ventas,1204.64
TRX-11767,2023-01-02,,11,8843.66,CLI-1363,Mendoza,Tarjeta de Crédito,Marta Gómez,968.23
TRX-10641,2023-12-14,Bonarda,11,2064.14,CLI-1424,Neuquén,Tarjeta de Crédito,Marta Gómez,208.68
TRX-11232,2023-12-01,Syrah,14,,CLI-1176,Salta,App Mobile,Marta Gómez,928.85
TRX-12153,2023-04-15,Vino Rosado,21,7395.71,CLI-961,Neuquén,Efectivo,Ana García,465.98
TRX-11361,2023-02-23,Vino Chardonnay,17,9610.75,CLI-702,Salta,Transferencia,Ana García,1254.32
TRX-12070,2023-04-12,Vino Rosado,11,4470.14,CLI-1289,Mendoza,,Marta Gómez,1253.5
TRX-12147,2023-01-12,Vino Malbec,9,2017.95,CLI-761,Salta,Transferencia,Luis Rodriguez,694.4
TRX-10243,2023-12-01,Bonarda,21,6393.88,CLI-1483,San Juan,Efectivo,Ana García,587.86
TRX-10828,2023-08-06,Espumante,9,,CLI-1393,Salta,Tarjeta de Crédito,Soporte Ventas,317.38
TRX-10754,2023-01-22,Vino Malbec,23,2606.98,CLI-679,Catamarca,,Juan Pérez,636.63
TRX-11005,2024-01-06,Vino Chardonnay,11,6593.58,CLI-549,Salta,Tarjeta de Crédito,Marta Gómez,556.49
TRX-10734,2023-03-15,Bonarda,3,1856.18,CLI-848,San Juan,Transferencia,Ana García,458.03
TRX-11131,2023-08-21,Vino Rosado,15,3966.8,CLI-515,Catamarca,Tarjeta de Crédito,Juan Pérez,820.83
TRX-11370,2023-04-22,Espumante,10,2122.82,CLI-1339,Catamarca,Efectivo,Marta Gómez,1245.75
TRX-11094,2023-12-23,Bonarda,8,9632.46,CLI-1265,San Juan,Transferencia,Marta Gómez,875.01
TRX-11607,2023-01-29,Vino Malbec,3,4012.56,CLI-984,Catamarca,Tarjeta de Crédito,Luis Rodriguez,1098.04
TRX-10798,2023-07-26,Bonarda,16,9982.99,CLI-1081,Mendoza,Tarjeta de Crédito,Soporte Ventas,1287.72
TRX-12027,2023-12-20,Espumante,16,5566.12,CLI-654,San Juan,Efectivo,Juan Pérez,594.76
TRX-11112,2023-08-12,Vino Rosado,24,1522.95,CLI-843,Catamarca,,Juan Pérez,1208.22
TRX-11647,2023-08-05,Bonarda,14,5204.7,CLI-603,Catamarca,Transferencia,Juan Pérez,231.54
TRX-11675,2023-10-03,Espumante,12,9883.13,CLI-891,San Juan,Tarjeta de Crédito,Marta Gómez,213.74
TRX-11142,2023-11-27,Vino Chardonnay,1,8402.07,CLI-1078,La Rioja,,Juan Pérez,1209.04
TRX-12135,2024-01-06,Vino Rosado,4,8060.72,CLI-1314,Salta,,Luis Rodriguez,649.45
TRX-10472,2024-03-21,Vino Rosado,14,8531.53,CLI-519,Mendoza,,Soporte Ventas,1272.75
TRX-11242,19/08/2023,Espumante,22,3313.96,CLI-563,San Juan,App Mobile,Soporte Ventas,1002.32
TRX-10731,2024-01-02,Vino Blend,7,4566.51,CLI-627,Mendoza,Transferencia,Marta Gómez,1185.41
TRX-10757,2024-02-15,Vino Rosado,4,11842.98,CLI-1002,Salta,Tarjeta de Crédito,Ana García,439.19
TRX-12049,2023-12-16,Vino Malbec,13,4271.76,CLI-566,Salta,Transferencia,Marta Gómez,461.56
TRX-11223,2023-12-19,Cabernet Sauvignon,16,11995.13,CLI-1388,Neuquén,Transferencia,Luis Rodriguez,294.42
TRX-11290,2023-12-15,Vino Chardonnay,23,10679.71,CLI-536,Neuquén,Efectivo,Marta Gómez,312.92
TRX-10080,2023-11-02,Bonarda,23,11093.36,CLI-709,San Juan,Transferencia,Ana García,745.7
TRX-11817,2023-12-29,Bonarda,16,3196.89,CLI-619,Mendoza,Transferencia,Juan Pérez,298.24
TRX-12471,2023-02-20,Syrah,16,6939.86,CLI-1119,San Juan,App Mobile,Ana García,995.37
TRX-10496,2023-07-04,Vino Blend,13,2808.54,CLI-768,Catamarca,Tarjeta de Crédito,Soporte Ventas,1235.95
TRX-11131,2023-08-21,Vino Rosado,15,3966.8,CLI-515,Catamarca,Tarjeta de Crédito,Juan Pérez,820.83
TRX-11738,2023-12-16,Espumante,2,9162.22,CLI-1054,San Juan,Efectivo,Luis Rodriguez,1327.23
TRX-10240,2023-10-23,Vino Rosado,9,1662.48,CLI-1277,Neuquén,Efectivo,Soporte Ventas,984.1
TRX-12089,2024-02-03,Syrah,23,10712.57,CLI-1331,Mendoza,Efectivo,Luis Rodriguez,1147.62
TRX-10248,2023-10-20,Espumante,11,7499.32,CLI-1393,San Juan,Efectivo,Luis Rodriguez,1434.8
TRX-10167,2023-09-05,Syrah,12,2368.0,CLI-1081,San Juan,App Mobile,Soporte Ventas,1399.21
TRX-11746,2023-07-30,Cabernet Sauvignon,7,6652.73,CLI-786,La Rioja,Efectivo,Luis Rodriguez,1355.45
TRX-11624,2023-03-11,Vino Chardonnay,1,11034.68,CLI-974,Mendoza,App Mobile,Soporte Ventas,1476.9
TRX-11276,2023-12-04,,19,9891.83,CLI-724,Mendoza,Tarjeta de Crédito,Ana García,406.64
TRX-12011,2023-01-14,Cabernet Sauvignon,10,3856.36,CLI-1084,San Juan,Tarjeta de Crédito,Soporte Ventas,1163.13
TRX-10088,2023-06-03,Vino Rosado,10,8410.25,CLI-1265,Mendoza,Transferencia,Soporte Ventas,1030.77
TRX-10655,2023-05-10,Vino Chardonnay,9,5646.66,CLI-953,Mendoza,Transferencia,Ana García,512.9
TRX-11126,2023-08-22,Vino Chardonnay,11,6281.42,CLI-1113,La Rioja,,Soporte Ventas,853.88
TRX-10008,2023-06-21,Syrah,20,10516.85,CLI-1183,La Rioja,Efectivo,Marta Gómez,209.74
TRX-10225,2024-02-19,Bonarda,17,4407.99,CLI-528,San Juan,App Mobile,Soporte Ventas,597.48
TRX-10345,2023-01-15,Bonarda,9,5840.68,CLI-1389,San Juan,Efectivo,Luis Rodriguez,214.39
TRX-10934,2023-01-22,Cabernet Sauvignon,13,8020.41,CLI-717,Salta,App Mobile,Ana García,624.41
TRX-10105,2023-02-11,Vino Chardonnay,3,11592.11,CLI-753,San Juan,Tarjeta de Crédito,Marta Gómez,419.62
TRX-11214,2023-02-07,Syrah,2,6001.35,CLI-1470,San Juan,App Mobile,Luis Rodriguez,671.4
TRX-10608,2023-01-20,Vino Blend,18,4703.51,CLI-1451,Mendoza,Tarjeta de Crédito,Juan Pérez,546.01
TRX-10797,2023-05-16,Vino Blend,1,2487.28,CLI-501,San Juan,Efectivo,Soporte Ventas,442.13
TRX-12415,2023-03-27,Cabernet Sauvignon,24,8507.12,CLI-1029,Mendoza,Tarjeta de Crédito,Luis Rodriguez,884.88
TRX-12499,2024-01-25,Cabernet Sauvignon,20,2674.59,CLI-884,Neuquén,Efectivo,Ana García,871.71
TRX-10677,2023-01-19,,8,4816.18,CLI-1105,Salta,,Soporte Ventas,772.0
TRX-10926,2023-12-15,Cabernet Sauvignon,3,4526.56,CLI-661,Salta,Transferencia,Soporte Ventas,620.16
TRX-10144,2023-09-04,Espumante,6,6020.03,CLI-730,San Juan,Efectivo,Luis Rodriguez,1366.77
TRX-11562,2023-12-18,Espumante,9,6410.36,CLI-703,Salta,Transferencia,Soporte Ventas,978.76
TRX-11603,2023-12-13,Vino Chardonnay,9,3861.08,CLI-764,Mendoza,Tarjeta de Crédito,Luis Rodriguez,924.22
TRX-12042,2023-11-12,Bonarda,4,9927.25,CLI-872,San Juan,Efectivo,Ana García,932.07
TRX-11987,2023-08-21,Vino Rosado,24,9631.82,CLI-714,Mendoza,Efectivo,Soporte Ventas,854.45
TRX-10171,2023-04-22,Cabernet Sauvignon,4,2220.06,CLI-1194,San Juan,Tarjeta de Crédito,Soporte Ventas,955.1
TRX-11438,2024-03-23,Vino Rosado,5,10683.1,CLI-877,La Rioja,,Juan Pérez,523.56
TRX-10151,2024-01-25,Espumante,1,4519.07,CLI-675,La Rioja,Tarjeta de Crédito,Ana García,992.57
TRX-10237,2023-03-31,Espumante,1,3054.4,CLI-863,Catamarca,Tarjeta de Crédito,Ana García,970.74
TRX-10327,2023-08-26,Vino Blend,9,1909.77,CLI-1080,Catamarca,Transferencia,Juan Pérez,223.6
TRX-10279,2023-05-08,Vino Blend,21,4449.9,CLI-1238,Catamarca,Tarjeta de Crédito,Soporte Ventas,1312.13
TRX-12191,2023-03-12,Syrah,21,11711.81,CLI-884,Mendoza,Tarjeta de Crédito,Juan Pérez,1053.39
TRX-10491,2023-07-16,Espumante,17,3136.94,CLI-1381,Catamarca,Tarjeta de Crédito,Juan Pérez,548.26
TRX-10296,2024-02-21,Syrah,13,2682.24,CLI-825,Catamarca,Efectivo,Marta Gómez,612.49
TRX-12236,2023-03-20,Vino Malbec,14,11021.82,CLI-845,Catamarca,Transferencia,Soporte Ventas,1228.6
TRX-10129,2023-01-08,Syrah,8,2133.77,CLI-1344,Mendoza,,Luis Rodriguez,573.11
TRX-12300,2024-03-04,Espumante,1,2788.74,CLI-923,Catamarca,Efectivo,Ana García,1484.46
TRX-10947,2024-01-14,Cabernet Sauvignon,3,11762.91,CLI-1449,Mendoza,,Ana García,1109.36
TRX-10003,2023-08-01,Cabernet Sauvignon,17,11530.12,CLI-885,Catamarca,Tarjeta de Crédito,Soporte Ventas,418.27
TRX-10788,2023-05-12,Vino Chardonnay,1,10432.03,CLI-886,San Juan,App Mobile,Juan Pérez,1298.37
TRX-10100,2023-09-29,Cabernet Sauvignon,7,2967.31,CLI-1404,Catamarca,Efectivo,Marta Gómez,1368.65
TRX-10035,2023-01-18,Espumante,1,7245.43,CLI-1410,Salta,Tarjeta de Crédito,Soporte Ventas,1343.93
TRX-12330,2023-06-15,Vino Blend,3,7742.1,CLI-737,La Rioja,,Soporte Ventas,347.58
TRX-11272,12/07/2023,Vino Chardonnay,9,3596.95,CLI-1412,Catamarca,,Ana García,680.42
TRX-11360,2023-07-13,Vino Rosado,8,10225.56,CLI-1477,Mendoza,,Ana García,1488.64
TRX-12416,2024-02-16,Vino Blend,1,6933.74,CLI-1167,Mendoza,Transferencia,Luis Rodriguez,463.43
TRX-11999,2023-06-29,Cabernet Sauvignon,19,10935.4,CLI-1119,Salta,App Mobile,Soporte Ventas,310.12
TRX-12117,2023-06-02,Syrah,3,6352.33,CLI-966,Mendoza,App Mobile,Juan Pérez,559.12
TRX-12441,2023-03-13,,24,3499.55,CLI-610,Salta,Efectivo,Marta Gómez,330.12
TRX-11388,2023-04-27,Vino Blend,14,6314.51,CLI-526,San Juan,Transferencia,Soporte Ventas,1325.83
TRX-11862,2023-01-25,Cabernet Sauvignon,1,2249.24,CLI-505,Neuquén,Efectivo,Juan Pérez,676.79
TRX-11079,2024-02-23,Vino Rosado,20,8425.66,CLI-1409,Catamarca,,Ana García,1081.34
TRX-10953,2023-07-03,Syrah,14,2719.25,CLI-1410,San Juan,Transferencia,Soporte Ventas,230.26
TRX-10670,2023-07-10,Bonarda,7,8376.41,CLI-1341,Neuquén,App Mobile,Ana García,690.83
TRX-10235,2023-10-31,Espumante,4,,CLI-906,San Juan,Efectivo,Juan Pérez,684.54
TRX-10071,2024-01-14,Vino Blend,21,10831.53,CLI-811,La Rioja,Transferencia,Luis Rodriguez,1223.5
TRX-12385,2023-01-19,,24,7709.48,CLI-991,San Juan,Tarjeta de Crédito,Marta Gómez,1317.3
TRX-11021,2024-03-09,Vino Blend,11,10878.57,CLI-1474,Catamarca,Tarjeta de Crédito,Soporte Ventas,230.36
TRX-12360,2023-06-30,Syrah,13,11090.52,CLI-1157,San Juan,Efectivo,Luis Rodriguez,1062.93
TRX-10743,2023-03-25,Vino Chardonnay,23,11606.09,CLI-1069,La Rioja,Efectivo,Ana García,550.54
TRX-11883,2024-02-28,Vino Blend,13,3874.16,CLI-1415,Salta,Efectivo,Luis Rodriguez,835.62
TRX-11342,2023-09-29,Vino Rosado,2,7933.07,CLI-1048,San Juan,Tarjeta de Crédito,Juan Pérez,757.94
TRX-11010,2024-01-08,Bonarda,2,6962.43,CLI-1169,Catamarca,Transferencia,Marta Gómez,692.94
TRX-11341,2023-12-05,Espumante,4,6860.14,CLI-1112,Catamarca,App Mobile,Ana García,399.3
TRX-12466,2023-03-09,Bonarda,14,11804.21,CLI-1112,San Juan,,Ana García,355.51
TRX-10057,2023-05-30,Syrah,18,5458.45,CLI-818,Catamarca,Transferencia,Luis Rodriguez,289.45
TRX-12339,2023-10-21,Espumante,21,6815.77,CLI-612,Mendoza,Tarjeta de Crédito,Marta Gómez,377.84
TRX-11785,2023-03-05,Bonarda,3,2860.17,CLI-903,Catamarca,Transferencia,Ana García,347.61
TRX-11976,2023-10-04,Syrah,18,7565.48,CLI-588,Salta,Transferencia,Luis Rodriguez,1089.02
TRX-10457,2024-01-18,Vino Malbec,16,,CLI-502,Mendoza,App Mobile,Juan Pérez,1489.48
TRX-11728,2023-01-29,Vino Chardonnay,6,8007.33,CLI-937,Salta,Transferencia,Juan Pérez,998.82
TRX-10657,2023-08-20,Vino Malbec,3,2253.54,CLI-1462,Mendoza,,Luis Rodriguez,1441.84
TRX-10307,2024-03-21,Vino Rosado,16,3560.02,CLI-731,Neuquén,Efectivo,Ana García,955.91
TRX-10230,2023-04-24,Vino Rosado,23,8863.35,CLI-1480,San Juan,Transferencia,Ana García,278.76
TRX-11338,2023-01-29,Bonarda,6,6194.43,CLI-901,La Rioja,App Mobile,Soporte Ventas,234.44
TRX-10349,2024-01-20,Cabernet Sauvignon,23,9118.13,CLI-758,Salta,Tarjeta de Crédito,Soporte Ventas,1019.42
TRX-10094,2023-05-18,Bonarda,24,9946.71,CLI-1072,Neuquén,Efectivo,Ana García,1133.84
TRX-10721,2023-02-18,Vino Blend,10,7443.57,CLI-1136,Catamarca,Efectivo,Luis Rodriguez,1293.48
TRX-10468,2023-02-02,Vino Malbec,3,5938.01,CLI-915,Catamarca,App Mobile,Luis Rodriguez,338.21
TRX-11390,2023-07-28,Espumante,10,11724.21,CLI-1203,Neuquén,Efectivo,Luis Rodriguez,1271.12
TRX-11891,2023-12-12,Syrah,3,5983.31,CLI-1479,La Rioja,App Mobile,Soporte Ventas,823.73
TRX-10886,2023-05-08,Vino Rosado,21,8721.89,CLI-961,Neuquén,,Ana García,436.13
TRX-11639,2024-01-26,Espumante,20,8678.46,CLI-1318,Neuquén,Efectivo,Marta Gómez,1103.6
TRX-11694,2023-10-21,Vino Rosado,9,5189.75,CLI-874,San Juan,App Mobile,Soporte Ventas,485.73
TRX-11549,2023-06-04,Vino Blend,10,10789.24,CLI-680,Catamarca,,Juan Pérez,1397.94
TRX-12322,2024-02-08,Vino Blend,4,5967.43,CLI-788,San Juan,App Mobile,Marta Gómez,677.22
TRX-11369,2023-06-25,Cabernet Sauvignon,9,5866.65,CLI-812,Catamarca,Tarjeta de Crédito,Soporte Ventas,632.87
TRX-12487,2024-03-18,Cabernet Sauvignon,8,9237.93,CLI-1301,San Juan,Efectivo,Luis Rodriguez,1134.01
TRX-10719,2023-09-30,Espumante,9,3565.05,CLI-753,Catamarca,,Soporte Ventas,1437.51
TRX-12112,2023-09-05,Vino Rosado,4,6955.32,CLI-1121,Salta,Transferencia,Marta Gómez,931.88
TRX-11707,2023-06-30,Vino Blend,13,6326.85,CLI-1187,San Juan,Transferencia,Ana García,529.01
TRX-12116,2023-12-01,Bonarda,8,6113.06,CLI-1192,Neuquén,Tarjeta de Crédito,Marta Gómez,1466.6
TRX-11833,2023-11-20,Vino Rosado,15,5828.46,CLI-808,Salta,Efectivo,Marta Gómez,845.8
TRX-10704,2023-06-16,Vino Chardonnay,9,8400.86,CLI-1253,San Juan,App Mobile,Marta Gómez,478.92
TRX-10831,2023-05-09,Espumante,17,9015.18,CLI-1346,San Juan,Tarjeta de Crédito,Luis Rodriguez,947.0
TRX-10426,2023-01-23,Vino Blend,10,4450.9,CLI-1258,Catamarca,App Mobile,Marta Gómez,1307.13
TRX-12017,2024-03-21,Cabernet Sauvignon,9,6495.06,CLI-1264,Neuquén,Tarjeta de Crédito,Juan Pérez,1176.78
TRX-10624,2023-05-07,Cabernet Sauvignon,20,,CLI-684,San Juan,Efectivo,Marta Gómez,992.23
TRX-10696,2023-01-31,Vino Blend,4,9271.79,CLI-1328,Mendoza,Transferencia,Ana García,763.08
TRX-12463,2023-10-01,Cabernet Sauvignon,15,5021.99,CLI-912,Catamarca,Transferencia,Marta Gómez,1438.76
TRX-11747,2023-04-12,Bonarda,16,1905.11,CLI-1187,San Juan,Transferencia,Soporte Ventas,763.68
TRX-10352,2023-04-07,Espumante,2,7342.48,CLI-722,Salta,App Mobile,Soporte Ventas,289.36
TRX-10606,2023-03-05,Syrah,16,7551.13,CLI-1243,Salta,App Mobile,Ana García,1250.55
TRX-11252,2023-11-06,Bonarda,6,8421.32,CLI-1150,Catamarca,Transferencia,Luis Rodriguez,1244.88
TRX-10955,2023-08-06,,14,2854.89,CLI-1192,Neuquén,,Soporte Ventas,501.23
TRX-10149,2023-08-18,Vino Rosado,1,11607.25,CLI-744,Catamarca,App Mobile,Luis Rodriguez,438.56
TRX-11718,2024-03-08,Bonarda,12,4043.38,CLI-1066,Neuquén,App Mobile,Luis Rodriguez,1015.62
TRX-12494,2023-05-13,Cabernet Sauvignon,1,3142.5,CLI-1253,Catamarca,App Mobile,Soporte Ventas,1253.28
TRX-11330,2023-05-06,Vino Chardonnay,21,6056.98,CLI-715,Neuquén,Transferencia,Juan Pérez,219.03
TRX-10599,2024-03-01,Syrah,18,8374.36,CLI-1294,La Rioja,Efectivo,Marta Gómez,1228.82
TRX-11940,2024-02-03,Bonarda,4,5303.78,CLI-1115,La Rioja,Transferencia,Ana García,359.96
TRX-12221,2023-09-26,Vino Malbec,24,5228.19,CLI-657,Neuquén,Transferencia,Ana García,1345.74
TRX-10292,2024-01-13,Espumante,3,10029.42,CLI-902,Catamarca,Transferencia,Marta Gómez,625.51
TRX-12263,2024-02-06,Syrah,21,3591.01,CLI-1460,San Juan,App Mobile,Soporte Ventas,1245.56
TRX-10012,2023-12-29,Vino Malbec,2,6473.66,CLI-1488,Mendoza,Transferencia,Juan Pérez,666.07
TRX-10093,2024-03-07,Vino Rosado,11,7875.31,CLI-1127,San Juan,Tarjeta de Crédito,Luis Rodriguez,417.2
TRX-10089,2023-04-20,Vino Chardonnay,24,7398.04,CLI-1312,Mendoza,Efectivo,Luis Rodriguez,519.31
TRX-11568,2023-04-03,Vino Malbec,23,11146.22,CLI-841,Mendoza,App Mobile,Soporte Ventas,241.27
TRX-11344,2023-11-13,Vino Blend,11,4275.36,CLI-681,Salta,App Mobile,Luis Rodriguez,271.64
TRX-10130,2024-01-30,Syrah,1,3459.67,CLI-620,Salta,,Juan Pérez,361.12
TRX-11920,2023-01-29,Vino Malbec,17,11858.3,CLI-680,Mendoza,,Juan Pérez,1055.98
TRX-11542,15/03/2023,Vino Rosado,23,1964.25,CLI-1017,Salta,,Luis Rodriguez,309.02
TRX-11932,2024-01-13,,12,10582.03,CLI-819,Salta,Efectivo,Ana García,717.75
TRX-10683,2023-10-11,Bonarda,24,4713.6,CLI-630,La Rioja,Tarjeta de Crédito,Marta Gómez,1328.27
TRX-11527,2023-04-25,Syrah,10,5447.43,CLI-1477,Catamarca,Transferencia,Ana García,288.52
TRX-10393,2023-08-09,Vino Malbec,23,1969.7,CLI-964,La Rioja,Tarjeta de Crédito,Ana García,322.0
TRX-10561,2023-07-19,Vino Malbec,8,6315.43,CLI-774,Catamarca,Tarjeta de Crédito,Ana García,673.88
TRX-11837,2023-09-16,Vino Chardonnay,22,7654.76,CLI-1045,Salta,,Soporte Ventas,948.05
TRX-10373,08/01/2024,Cabernet Sauvignon,13,7699.45,CLI-1245,La Rioja,Tarjeta de Crédito,Luis Rodriguez,506.72
TRX-11168,2023-12-16,Vino Chardonnay,17,5502.72,CLI-1211,Catamarca,,Ana García,472.44
TRX-12040,2023-08-16,Vino Rosado,5,11765.62,CLI-618,Catamarca,Tarjeta de Crédito,Marta Gómez,503.2
TRX-10851,2023-01-09,Vino Chardonnay,18,11763.39,CLI-906,CATAMARCA,,Luis Rodriguez,1113.48
TRX-11504,2023-04-02,Vino Chardonnay,4,4147.33,CLI-1209,Catamarca,Tarjeta de Crédito,Soporte Ventas,1177.39
TRX-11090,2023-06-23,Vino Rosado,24,6677.31,CLI-934,Mendoza,Efectivo,Marta Gómez,342.68
TRX-12053,2023-09-08,Vino Rosado,5,7516.41,CLI-1328,Catamarca,,Marta Gómez,887.49
TRX-10986,2023-07-06,Espumante,23,6314.64,CLI-564,Mendoza,App Mobile,Soporte Ventas,602.91
TRX-11055,2023-01-14,Bonarda,3,2238.87,CLI-1491,San Juan,Tarjeta de Crédito,Luis Rodriguez,1330.39
TRX-10971,2023-07-07,Cabernet Sauvignon,2,10171.64,CLI-632,La Rioja,,Luis Rodriguez,641.63
TRX-12161,2023-08-24,Cabernet Sauvignon,23,10078.66,CLI-818,Mendoza,Tarjeta de Crédito,Juan Pérez,1214.91
TRX-11182,2024-01-16,Vino Rosado,12,7458.43,CLI-1343,Catamarca,Efectivo,Juan Pérez,518.94
TRX-11957,2023-02-28,Espumante,13,9020.61,CLI-639,Salta,Tarjeta de Crédito,Luis Rodriguez,903.58
TRX-11555,2024-02-10,Vino Blend,18,7316.79,CLI-527,Neuquén,Efectivo,Luis Rodriguez,1307.92
TRX-11049,2024-03-16,Vino Rosado,10,3343.31,CLI-1453,Mendoza,,Luis Rodriguez,1005.25
TRX-10465,2023-12-25,Vino Blend,19,5817.29,CLI-1419,Catamarca,App Mobile,Soporte Ventas,772.1
TRX-10975,2023-01-18,Vino Rosado,6,2750.1,CLI-731,La Rioja,App Mobile,Marta Gómez,1391.91
TRX-10537,2023-08-10,Cabernet Sauvignon,23,7387.14,CLI-619,La Rioja,Efectivo,Soporte Ventas,1460.97
TRX-11351,2023-01-15,Espumante,6,5002.23,CLI-566,La Rioja,App Mobile,Luis Rodriguez,710.99
TRX-10132,2023-03-12,Cabernet Sauvignon,6,9937.97,CLI-1224,Mendoza,Transferencia,Marta Gómez,666.94
TRX-10746,2023-09-15,Espumante,23,2556.66,CLI-1178,Salta,,Luis Rodriguez,257.75
TRX-11807,2023-01-16,Espumante,14,7342.85,CLI-815,La Rioja,Tarjeta de Crédito,Juan Pérez,251.16
TRX-10375,2023-11-19,,22,7772.77,CLI-745,Salta,Transferencia,Marta Gómez,763.86
TRX-11296,2023-01-03,Espumante,2,7574.44,CLI-554,Salta,,Soporte Ventas,1484.75
TRX-10466,2023-06-20,Espumante,20,11543.53,CLI-668,Catamarca,App Mobile,Soporte Ventas,1087.94
TRX-11379,2023-07-09,Bonarda,8,9898.18,CLI-1032,La Rioja,Transferencia,Marta Gómez,703.53
TRX-10154,2024-02-27,Vino Blend,7,4172.92,CLI-769,Neuquén,Efectivo,Soporte Ventas,1433.73
TRX-12026,2024-02-13,Vino Malbec,6,8793.63,CLI-618,Salta,App Mobile,Luis Rodriguez,371.59
TRX-10287,2024-03-20,Syrah,6,4484.59,CLI-958,La Rioja,Efectivo,Juan Pérez,1001.48
TRX-11032,2023-11-10,Cabernet Sauvignon,24,6100.78,CLI-1043,Salta,Efectivo,Marta Gómez,422.4
TRX-10013,2023-11-27,Vino Blend,11,3954.17,CLI-558,Salta,App Mobile,Ana García,270.03
TRX-12165,2023-03-05,Vino Blend,14,5589.56,CLI-572,Salta,Tarjeta de Crédito,Juan Pérez,857.21
TRX-12022,2023-11-24,,14,10926.19,CLI-745,San Juan,App Mobile,Marta Gómez,1043.24
TRX-11039,2023-03-06,Vino Blend,3,1533.61,CLI-1084,San Juan,App Mobile,Luis Rodriguez,1266.5
TRX-11705,2023-08-25,Syrah,10,2812.53,CLI-1364,Neuquén,Efectivo,Juan Pérez,718.54
TRX-11782,2023-09-02,Vino Malbec,20,7367.85,CLI-1152,San Juan,App Mobile,Marta Gómez,709.54
TRX-11029,2023-04-27,Vino Rosado,7,11747.94,CLI-1163,La Rioja,Tarjeta de Crédito,Juan Pérez,1341.05
TRX-12291,2023-12-23,Vino Chardonnay,16,8201.44,CLI-735,Salta,Transferencia,Soporte Ventas,846.76
TRX-10148,02/06/2023,Vino Malbec,17,2855.44,CLI-1032,Catamarca,App Mobile,Luis Rodriguez,1250.92
TRX-10050,2024-03-03,Vino Chardonnay,21,2301.9,CLI-1446,La Rioja,Tarjeta de Crédito,Soporte Ventas,943.56
TRX-10738,2023-10-08,Cabernet Sauvignon,3,8979.72,CLI-633,Neuquén,Efectivo,Luis Rodriguez,1001.28
TRX-11890,2023-09-08,Bonarda,22,9536.03,CLI-1251,Mendoza,Transferencia,Juan Pérez,529.74
TRX-10190,2023-07-06,Bonarda,17,3706.09,CLI-973,La Rioja,Transferencia,Luis Rodriguez,596.55
TRX-10422,2023-01-26,Bonarda,5,3517.51,CLI-722,Mendoza,Transferencia,Soporte Ventas,759.54
TRX-12144,2023-09-18,Syrah,8,2076.17,CLI-1490,San Juan,Tarjeta de Crédito,Ana García,534.76
TRX-10429,2023-12-24,Vino Blend,20,9831.24,CLI-861,San Juan,Transferencia,Soporte Ventas,702.24
TRX-10109,2023-09-05,,5,11045.68,CLI-1140,San Juan,Tarjeta de Crédito,Juan Pérez,967.11
TRX-11879,2023-08-16,Bonarda,22,6686.8,CLI-1233,Catamarca,App Mobile,Juan Pérez,679.53
TRX-12210,2023-03-23,Bonarda,15,10808.94,CLI-1096,San Juan,Transferencia,Juan Pérez,1292.02
TRX-10555,2023-07-28,Cabernet Sauvignon,17,5169.2,CLI-922,Salta,Tarjeta de Crédito,Ana García,359.56
TRX-11002,2024-03-21,Vino Rosado,24,8185.89,CLI-1146,Catamarca,Transferencia,Marta Gómez,833.89
TRX-12029,2023-01-17,Vino Rosado,14,9143.23,CLI-614,Neuquén,Transferencia,Ana García,346.59
TRX-10742,2023-10-04,Cabernet Sauvignon,10,4925.17,CLI-727,Salta,Transferencia,Luis Rodriguez,321.91
TRX-11465,2024-01-08,Espumante,16,4861.55,CLI-726,Catamarca,Transferencia,Juan Pérez,1022.67
TRX-12264,2023-05-05,Vino Malbec,9,2479.12,CLI-1039,Neuquén,Efectivo,Marta Gómez,463.96
TRX-11751,2023-01-13,,10,10329.13,CLI-1108,Catamarca,App Mobile,Ana García,904.09
TRX-12032,2023-02-08,Cabernet Sauvignon,6,10857.12,CLI-1311,Mendoza,Transferencia,Juan Pérez,640.58
TRX-10134,2023-08-16,Syrah,15,5858.37,CLI-962,Salta,Efectivo,Luis Rodriguez,1314.55
TRX-11008,2024-01-17,Vino Blend,21,10620.03,CLI-1130,La Rioja,Tarjeta de Crédito,Soporte Ventas,1280.53
TRX-11165,2023-10-18,Vino Blend,12,10831.94,CLI-966,Neuquén,Transferencia,Juan Pérez,902.36
TRX-12202,2023-05-21,Vino Chardonnay,4,5288.04,CLI-1338,Catamarca,Transferencia,Ana García,273.18
TRX-10705,2023-06-09,Syrah,10,3175.89,CLI-688,Salta,,Marta Gómez,771.03
TRX-11230,2023-04-25,Vino Blend,1,9147.0,CLI-953,Neuquén,App Mobile,Juan Pérez,966.81
TRX-12393,2023-09-28,Vino Malbec,18,4262.41,CLI-673,La Rioja,Transferencia,Luis Rodriguez,503.83
TRX-11261,2023-06-18,Cabernet Sauvignon,24,2848.69,CLI-857,San Juan,Efectivo,Ana García,388.63
TRX-12102,2023-07-09,,3,7324.05,CLI-1500,Catamarca,,Marta Gómez,831.68
TRX-12063,2024-03-18,,18,6598.74,CLI-668,San Juan,App Mobile,Luis Rodriguez,541.11
TRX-12212,2023-04-27,Vino Malbec,17,2841.47,CLI-1259,Mendoza,Efectivo,Ana García,1055.07
TRX-10826,2023-04-07,Espumante,3,6263.02,CLI-1277,Mendoza,Efectivo,Marta Gómez,1259.93
TRX-11194,2023-11-27,Vino Blend,16,5964.02,CLI-1148,Salta,Tarjeta de Crédito,Marta Gómez,682.39
TRX-10577,2023-07-03,Syrah,21,8902.82,CLI-1148,La Rioja,App Mobile,Ana García,327.12
TRX-11375,2024-02-23,Vino Rosado,13,4021.17,CLI-1095,San Juan,Efectivo,Ana García,1058.25
TRX-10512,2023-11-24,Vino Chardonnay,23,5495.17,CLI-523,Mendoza,,Marta Gómez,1422.26
TRX-12293,2023-05-18,Vino Rosado,2,8471.78,CLI-1029,Mendoza,Tarjeta de Crédito,Luis Rodriguez,930.17
TRX-10626,2023-02-12,Vino Blend,18,3457.7,CLI-647,Mendoza,Tarjeta de Crédito,Luis Rodriguez,1463.85
TRX-11420,2023-01-30,,20,10182.68,CLI-615,Neuquén,Transferencia,Soporte Ventas,591.81
TRX-11203,2023-08-08,Vino Blend,11,9870.87,CLI-1238,Neuquén,,Soporte Ventas,1413.16
TRX-11887,2024-03-21,Vino Malbec,24,10710.05,CLI-1477,Salta,Efectivo,Juan Pérez,1053.63
TRX-10414,2023-01-31,Vino Blend,16,8137.08,CLI-729,Salta,Transferencia,Marta Gómez,825.71
TRX-10889,2023-10-06,Vino Malbec,15,9878.75,CLI-1034,Catamarca,Efectivo,Ana García,1307.78
TRX-12357,2023-12-21,Cabernet Sauvignon,19,7440.79,CLI-1055,Salta,Efectivo,Juan Pérez,960.36
TRX-11101,2023-05-27,Syrah,19,5123.0,CLI-1398,Catamarca,Tarjeta de Crédito,Ana García,405.78
TRX-12237,2023-03-01,Vino Malbec,19,1844.93,CLI-561,La Rioja,App Mobile,Luis Rodriguez,842.0
TRX-11616,2023-05-05,Vino Rosado,5,9325.08,CLI-1272,Mendoza,Tarjeta de Crédito,Ana García,265.81
TRX-10437,2023-05-01,Vino Chardonnay,3,8605.41,CLI-570,Catamarca,App Mobile,Soporte Ventas,546.74
TRX-11148,2024-02-02,Espumante,24,10521.13,CLI-756,Neuquén,App Mobile,Luis Rodriguez,545.01
TRX-11149,2023-01-10,Vino Chardonnay,21,9642.81,CLI-648,La Rioja,Tarjeta de Crédito,Ana García,660.72
TRX-10290,2023-05-05,Cabernet Sauvignon,4,8338.62,CLI-841,Mendoza,Transferencia,Marta Gómez,579.84
TRX-11056,2023-05-11,Vino Blend,23,11690.04,CLI-529,Mendoza,Tarjeta de Crédito,Ana García,323.83
TRX-10542,2023-05-23,Vino Rosado,13,4134.57,CLI-1180,Neuquén,Transferencia,Ana García,1306.72
TRX-10252,2023-05-25,Cabernet Sauvignon,12,4027.17,CLI-1485,Catamarca,,Ana García,488.5
TRX-10737,2023-09-17,Vino Chardonnay,21,8970.69,CLI-1015,San Juan,App Mobile,Ana García,407.37
TRX-10142,2023-08-06,Vino Blend,8,9204.27,CLI-763,La Rioja,Tarjeta de Crédito,Soporte Ventas,686.81
TRX-10350,2024-01-16,Vino Rosado,22,10823.28,CLI-1091,Catamarca,Tarjeta de Crédito,Ana García,1099.99
TRX-12455,2024-01-15,Vino Blend,1,9446.63,CLI-1108,Mendoza,,Juan Pérez,1438.49
TRX-10346,2023-08-04,Espumante,8,9045.37,CLI-1249,Salta,Tarjeta de Crédito,Luis Rodriguez,1452.43
TRX-11664,2024-02-19,Bonarda,13,11642.02,CLI-1298,San Juan,App Mobile,Marta Gómez,996.06
TRX-11617,2023-05-27,Bonarda,8,8489.82,CLI-855,NEUQUÉN,Efectivo,Soporte Ventas,858.75
TRX-11971,2023-02-19,Vino Blend,8,6214.29,CLI-526,La Rioja,,Marta Gómez,951.28
TRX-10090,2023-05-05,Espumante,10,5829.82,CLI-642,NEUQUÉN,Tarjeta de Crédito,Marta Gómez,798.18
TRX-11645,2023-02-02,Bonarda,17,9047.79,CLI-885,Neuquén,Tarjeta de Crédito,Ana García,1027.7
TRX-11445,2023-03-26,Vino Blend,24,4624.86,CLI-694,Catamarca,App Mobile,Luis Rodriguez,1195.06
TRX-10848,2023-03-18,Vino Rosado,18,8398.93,CLI-1383,Neuquén,Efectivo,Ana García,998.3
TRX-12088,2023-08-25,Vino Malbec,20,4610.37,CLI-563,Neuquén,Tarjeta de Crédito,Luis Rodriguez,1345.5
TRX-10275,2023-09-11,Bonarda,1,6975.2,CLI-1322,Mendoza,Efectivo,Marta Gómez,960.78
TRX-10026,2023-02-28,Espumante,12,6504.4,CLI-1148,Catamarca,,Soporte Ventas,281.14
TRX-11640,2023-10-31,Cabernet Sauvignon,18,3140.02,CLI-633,Mendoza,Efectivo,Juan Pérez,1101.63
TRX-10767,2023-10-12,Vino Malbec,5,11016.98,CLI-906,Salta,App Mobile,Marta Gómez,1402.52
TRX-11827,2023-09-06,Vino Rosado,22,7211.03,CLI-932,La Rioja,Efectivo,Luis Rodriguez,978.13
TRX-11487,2024-02-25,Espumante,21,9853.82,CLI-504,Neuquén,Transferencia,Juan Pérez,1420.42
TRX-10181,2024-03-15,Bonarda,3,6269.95,CLI-888,Mendoza,App Mobile,Marta Gómez,275.93
TRX-12345,2023-10-15,Syrah,17,,CLI-1232,Catamarca,App Mobile,Marta Gómez,1207.15
TRX-11623,2023-04-28,Vino Rosado,17,3030.33,CLI-720,San Juan,Tarjeta de Crédito,Soporte Ventas,1169.85
TRX-11553,2023-08-16,Vino Rosado,6,10794.13,CLI-722,San Juan,Transferencia,Marta Gómez,773.04
TRX-10401,2023-12-23,Vino Chardonnay,21,4049.1,CLI-1403,Salta,Transferencia,Luis Rodriguez,1074.96
TRX-12280,2024-01-30,Bonarda,15,9463.55,CLI-1189,La Rioja,Transferencia,Marta Gómez,917.57
TRX-12054,2023-01-12,Vino Blend,23,5649.34,CLI-1276,La Rioja,App Mobile,Juan Pérez,805.83
TRX-11539,2023-03-21,Vino Blend,8,5779.64,CLI-837,Mendoza,,Luis Rodriguez,1190.55
TRX-11723,2023-02-25,Cabernet Sauvignon,7,10921.49,CLI-584,Salta,Tarjeta de Crédito,Soporte Ventas,1459.21
TRX-10768,2023-11-29,Bonarda,1,11017.71,CLI-1228,La Rioja,Transferencia,Juan Pérez,1015.79
TRX-10254,2024-02-17,Espumante,11,7184.55,CLI-1457,La Rioja,Tarjeta de Crédito,Ana García,210.28
TRX-11340,2023-10-01,Vino Blend,5,10431.81,CLI-738,Salta,App Mobile,Soporte Ventas,443.87
TRX-10804,2023-05-21,Espumante,9,11669.7,CLI-1005,SAN JUAN,Tarjeta de Crédito,Soporte Ventas,282.15
TRX-11074,2023-05-06,Bonarda,23,7695.99,CLI-1152,San Juan,Tarjeta de Crédito,Ana García,1384.93
TRX-10055,2023-12-30,Cabernet Sauvignon,6,4916.77,CLI-968,Mendoza,,Ana García,984.26
TRX-10216,2023-08-03,Cabernet Sauvignon,19,10073.84,CLI-1026,Neuquén,Transferencia,Soporte Ventas,525.75
TRX-10813,2023-12-25,Vino Malbec,17,4279.6,CLI-1341,Salta,App Mobile,Ana García,376.29
TRX-11305,2023-05-20,Vino Blend,13,4569.68,CLI-1483,Catamarca,App Mobile,Soporte Ventas,701.32
TRX-10686,2023-08-04,Cabernet Sauvignon,15,7264.69,CLI-1177,San Juan,,Soporte Ventas,404.76
TRX-11294,2023-10-10,Syrah,12,5942.14,CLI-1318,Neuquén,Tarjeta de Crédito,Marta Gómez,1415.66
TRX-10119,2023-12-16,Bonarda,24,11028.38,CLI-1249,La Rioja,,Luis Rodriguez,731.51
TRX-10315,2023-07-19,Cabernet Sauvignon,18,3595.6,CLI-1096,La Rioja,,Marta Gómez,1114.54
TRX-11629,2023-05-12,Syrah,16,11462.68,CLI-1291,Salta,Efectivo,Juan Pérez,1005.31
TRX-12382,2023-08-11,Vino Blend,10,6224.68,CLI-1395,Mendoza,App Mobile,Luis Rodriguez,1001.06
TRX-11663,2023-06-08,Cabernet Sauvignon,3,6567.78,CLI-1106,Neuquén,,Luis Rodriguez,806.63
TRX-11279,2023-08-05,Vino Malbec,3,8614.28,CLI-1412,Catamarca,,Juan Pérez,340.59
TRX-11561,2023-03-28,Vino Chardonnay,4,11573.94,CLI-824,Mendoza,App Mobile,Ana García,914.15
TRX-10380,2023-01-01,Vino Rosado,7,3565.9,CLI-622,San Juan,,Luis Rodriguez,1007.32
TRX-10069,2023-11-24,Vino Chardonnay,24,10734.79,CLI-1122,Salta,Transferencia,Marta Gómez,1298.58
TRX-12166,2023-11-25,Vino Malbec,3,9143.88,CLI-935,Salta,App Mobile,Soporte Ventas,1491.64
TRX-10787,2023-12-26,Bonarda,15,1999.17,CLI-633,Salta,App Mobile,Ana García,1128.97
TRX-11721,2023-01-23,Cabernet Sauvignon,1,9479.03,CLI-870,Neuquén,Transferencia,Marta Gómez,1212.54
TRX-11808,2023-08-03,Espumante,5,6134.49,CLI-1219,Mendoza,Tarjeta de Crédito,Juan Pérez,431.21
TRX-11001,2023-07-20,Vino Chardonnay,12,3672.79,CLI-687,Salta,Efectivo,Soporte Ventas,608.47
TRX-10027,2024-03-22,Vino Rosado,9,4462.48,CLI-1309,San Juan,Efectivo,Marta Gómez,1451.75
TRX-11030,2024-01-10,Vino Blend,13,11502.11,CLI-1232,Catamarca,Efectivo,Soporte Ventas,908.4
TRX-10670,2023-07-10,Bonarda,7,8376.41,CLI-1341,Neuquén,App Mobile,Ana García,690.83
TRX-10505,2023-03-11,Espumante,22,9048.22,CLI-1272,La Rioja,App Mobile,Luis Rodriguez,659.46
TRX-11271,2023-09-07,Bonarda,19,6925.22,CLI-1280,Mendoza,App Mobile,Ana García,1428.21
TRX-10339,2023-02-18,Espumante,8,,CLI-1076,Neuquén,App Mobile,Soporte Ventas,1244.68
TRX-10471,2023-06-15,Cabernet Sauvignon,11,4329.16,CLI-1173,La Rioja,,Luis Rodriguez,345.72
TRX-11578,2023-01-24,Vino Blend,11,3611.37,CLI-633,La Rioja,App Mobile,Juan Pérez,365.22
TRX-11597,2023-12-16,Vino Rosado,5,11170.57,CLI-948,Salta,App Mobile,Soporte Ventas,339.59
TRX-11961,2023-08-09,Syrah,6,8995.42,CLI-1013,La Rioja,Transferencia,Juan Pérez,658.16
TRX-12296,2023-06-29,Espumante,5,8592.14,CLI-1497,Salta,Transferencia,Soporte Ventas,973.71
TRX-10387,2024-03-22,Vino Chardonnay,14,4947.49,CLI-666,Catamarca,,Soporte Ventas,1090.81
TRX-10591,2023-09-06,Vino Malbec,1,6283.54,CLI-546,San Juan,Efectivo,Marta Gómez,616.8
TRX-11840,2023-12-02,Syrah,21,7623.75,CLI-581,La Rioja,Efectivo,Juan Pérez,1461.09
TRX-10377,2024-02-02,Espumante,7,9707.48,CLI-1174,San Juan,App Mobile,Marta Gómez,863.23
TRX-12172,2024-02-06,Bonarda,11,8524.43,CLI-1345,San Juan,Efectivo,Ana García,786.66
TRX-10881,2023-09-08,Vino Blend,14,9136.61,CLI-945,San Juan,App Mobile,Marta Gómez,1224.89
TRX-12222,2024-03-19,Cabernet Sauvignon,12,11491.57,CLI-1348,San Juan,App Mobile,Juan Pérez,1080.61
TRX-10221,2024-03-07,Syrah,6,3244.29,CLI-1157,Mendoza,Tarjeta de Crédito,Marta Gómez,878.03
TRX-10808,2023-12-28,Vino Chardonnay,11,4428.73,CLI-1116,San Juan,,Luis Rodriguez,561.01
TRX-10653,2023-03-05,Vino Malbec,1,8280.83,CLI-741,Salta,,Marta Gómez,978.53
TRX-11672,2023-10-08,Espumante,23,11789.2,CLI-707,San Juan,App Mobile,Ana García,214.01
TRX-11493,2023-05-23,Vino Rosado,2,2967.22,CLI-1051,Neuquén,Tarjeta de Crédito,Luis Rodriguez,717.03
TRX-11713,2023-11-15,Vino Rosado,6,5849.35,CLI-880,Mendoza,App Mobile,Ana García,777.02
TRX-10810,2023-09-17,Bonarda,14,7498.32,CLI-1270,Neuquén,Tarjeta de Crédito,Marta Gómez,269.12
TRX-11702,2024-03-16,Syrah,14,5422.2,CLI-1126,Mendoza,Transferencia,Marta Gómez,678.79
TRX-12318,2023-07-26,Vino Blend,12,10149.11,CLI-1155,Catamarca,App Mobile,Juan Pérez,423.98
TRX-10395,2023-06-28,Syrah,3,3813.2,CLI-1473,Mendoza,,Ana García,782.28
TRX-10177,2024-02-28,Cabernet Sauvignon,8,6369.15,CLI-849,Salta,Efectivo,Ana García,1266.47
TRX-11371,2023-11-06,Bonarda,17,7161.95,CLI-1248,San Juan,Tarjeta de Crédito,Ana García,1289.55
TRX-11620,2023-08-09,Vino Blend,24,10047.0,CLI-660,Catamarca,Efectivo,Juan Pérez,1351.15
TRX-11215,2023-03-16,Cabernet Sauvignon,15,9508.52,CLI-1235,Mendoza,Tarjeta de Crédito,Marta Gómez,517.6
TRX-11703,2023-05-04,Syrah,6,11188.57,CLI-1365,San Juan,App Mobile,Juan Pérez,941.22
TRX-11745,2023-04-23,Espumante,19,7410.76,CLI-1166,La Rioja,Transferencia,Juan Pérez,512.15
TRX-10385,2023-07-30,Cabernet Sauvignon,15,8732.76,CLI-942,La Rioja,App Mobile,Soporte Ventas,1001.73
TRX-12181,2024-01-30,Vino Malbec,5,9815.97,CLI-654,La Rioja,Tarjeta de Crédito,Soporte Ventas,1433.41
TRX-10586,2023-04-08,Vino Chardonnay,23,6257.39,CLI-712,La Rioja,Tarjeta de Crédito,Soporte Ventas,509.98
TRX-10969,2023-03-15,Cabernet Sauvignon,23,8803.3,CLI-737,Catamarca,Transferencia,Luis Rodriguez,641.78
TRX-11255,2023-03-26,Vino Blend,7,11255.0,CLI-807,Mendoza,App Mobile,Soporte Ventas,1089.38
TRX-11047,2023-06-04,Espumante,16,5555.06,CLI-1280,Mendoza,Tarjeta de Crédito,Luis Rodriguez,745.97
TRX-10884,2024-02-17,Vino Rosado,10,5539.91,CLI-1317,Salta,App Mobile,Marta Gómez,1083.88
TRX-11878,2023-03-06,Cabernet Sauvignon,15,7698.09,CLI-952,San Juan,App Mobile,Ana García,431.67
TRX-10642,2023-05-15,Espumante,22,7383.9,CLI-897,NEUQUÉN,App Mobile,Luis Rodriguez,210.81
TRX-10974,2023-05-12,Vino Chardonnay,7,8355.61,CLI-998,Mendoza,,Marta Gómez,369.92
TRX-10469,2023-11-01,Vino Rosado,23,11400.77,CLI-1280,San Juan,,Ana García,1211.09
TRX-11947,2023-05-06,Bonarda,21,9707.33,CLI-808,La Rioja,Efectivo,Juan Pérez,1335.22
TRX-11501,2023-08-30,Espumante,18,8707.82,CLI-952,Salta,Tarjeta de Crédito,Luis Rodriguez,601.12
TRX-10399,2023-03-02,,17,1984.36,CLI-1489,Neuquén,Tarjeta de Crédito,Marta Gómez,1324.79
TRX-11673,2024-01-24,Espumante,15,1783.37,CLI-1377,La Rioja,,Juan Pérez,306.08
TRX-12162,2024-02-28,Bonarda,16,6061.22,CLI-1272,San Juan,Tarjeta de Crédito,Marta Gómez,1413.0
TRX-10219,2024-03-05,Cabernet Sauvignon,3,6408.01,CLI-994,Catamarca,Tarjeta de Crédito,Soporte Ventas,764.1
TRX-12114,2024-02-07,Vino Rosado,6,5768.91,CLI-1338,Salta,App Mobile,Marta Gómez,1015.66
TRX-10914,2023-03-15,Syrah,7,4583.79,CLI-1419,La Rioja,Transferencia,Ana García,204.06
TRX-12225,2023-05-08,Vino Malbec,2,4160.3,CLI-955,San Juan,App Mobile,Juan Pérez,402.35
TRX-10043,2023-04-17,Vino Chardonnay,17,6184.04,CLI-741,La Rioja,Tarjeta de Crédito,Luis Rodriguez,443.74
TRX-10210,2023-12-01,Vino Chardonnay,24,10318.52,CLI-1118,San Juan,App Mobile,Luis Rodriguez,1388.68
TRX-10698,2023-05-15,Vino Rosado,5,7184.08,CLI-1405,La Rioja,Transferencia,Soporte Ventas,439.68
TRX-10354,2023-03-23,Bonarda,5,8561.3,CLI-757,La Rioja,App Mobile,Juan Pérez,487.5
TRX-11041,2023-06-02,Vino Malbec,8,3057.27,CLI-1417,San Juan,Transferencia,Marta Gómez,1472.46
TRX-11318,2023-01-25,Vino Blend,7,8825.17,CLI-974,Catamarca,,Soporte Ventas,405.09
TRX-12378,2023-07-14,Vino Rosado,7,5433.14,CLI-967,Neuquén,,Luis Rodriguez,827.53
TRX-11518,2023-02-20,Cabernet Sauvignon,8,11787.6,CLI-1181,Salta,App Mobile,Soporte Ventas,1106.87
TRX-10367,2023-09-02,Espumante,15,9175.48,CLI-564,Salta,Efectivo,Ana García,209.95
TRX-11686,2023-09-27,Bonarda,12,5329.01,CLI-512,Catamarca,Tarjeta de Crédito,Marta Gómez,1113.45
TRX-10249,2023-05-22,Vino Chardonnay,6,9088.81,CLI-880,Salta,Efectivo,Luis Rodriguez,1300.22
TRX-11604,2023-09-27,Bonarda,15,6639.57,CLI-997,Catamarca,Tarjeta de Crédito,Marta Gómez,1180.01
TRX-10135,2023-08-01,Vino Malbec,20,11505.41,CLI-1047,San Juan,Efectivo,Soporte Ventas,1300.24
TRX-10877,2023-08-04,Vino Malbec,15,6273.83,CLI-616,La Rioja,App Mobile,Soporte Ventas,373.15
TRX-10047,2023-11-06,Bonarda,6,2903.81,CLI-692,Neuquén,,Marta Gómez,1084.57
TRX-11886,2023-01-31,Vino Blend,18,10021.91,CLI-938,Mendoza,Tarjeta de Crédito,Soporte Ventas,994.98
TRX-10806,2023-12-16,Vino Chardonnay,21,4034.25,CLI-1352,Mendoza,Transferencia,Ana García,1475.07
TRX-12082,2023-11-13,Bonarda,21,3677.45,CLI-619,Mendoza,,Soporte Ventas,1435.44
TRX-12151,2023-06-29,Bonarda,19,5822.34,CLI-1185,Catamarca,Efectivo,Soporte Ventas,1383.43
TRX-10347,2023-02-02,Bonarda,2,3340.03,CLI-506,Salta,Tarjeta de Crédito,Soporte Ventas,1054.35
TRX-11083,2024-02-28,Bonarda,23,6734.81,CLI-978,Salta,Tarjeta de Crédito,Marta Gómez,778.98
TRX-11993,2023-11-03,Vino Rosado,1,10366.37,CLI-1036,La Rioja,App Mobile,Marta Gómez,1070.93
TRX-10061,2023-04-02,Espumante,1,3117.96,CLI-1336,Salta,App Mobile,Luis Rodriguez,1374.03
TRX-12124,2023-02-08,Vino Malbec,20,7628.54,CLI-951,Mendoza,Tarjeta de Crédito,Ana García,473.65
TRX-10691,2023-06-12,Bonarda,15,8871.07,CLI-780,La Rioja,,Juan Pérez,691.81
TRX-10095,2023-12-24,Vino Chardonnay,19,5624.36,CLI-1016,Salta,,Marta Gómez,635.85
TRX-10478,2024-02-21,Vino Malbec,4,10206.19,CLI-686,Catamarca,App Mobile,Ana García,881.02
TRX-11791,2023-07-22,Espumante,3,8592.87,CLI-627,Mendoza,,Ana García,1191.01
TRX-10571,2024-01-03,Espumante,15,9958.06,CLI-1422,Neuquén,Transferencia,Soporte Ventas,967.42
TRX-10907,2024-03-18,Espumante,24,11191.67,CLI-696,Mendoza,Transferencia,Juan Pérez,325.34
TRX-10634,2023-10-24,,23,,CLI-946,Mendoza,Efectivo,Juan Pérez,500.56
TRX-10931,2023-05-03,Cabernet Sauvignon,6,4944.37,CLI-813,San Juan,Efectivo,Luis Rodriguez,288.45
TRX-11160,2023-09-10,Vino Rosado,16,3023.6,CLI-941,Salta,Transferencia,Ana García,1192.11
TRX-11262,2024-03-10,,24,1898.23,CLI-1140,San Juan,Efectivo,Ana García,278.8
TRX-10772,2023-09-11,Espumante,11,10885.38,CLI-623,Salta,App Mobile,Luis Rodriguez,880.84
TRX-10322,2023-10-01,Vino Malbec,9,7143.3,CLI-794,Neuquén,Tarjeta de Crédito,Ana García,1005.8
TRX-11170,2023-11-01,Espumante,14,6133.02,CLI-918,Neuquén,Tarjeta de Crédito,Luis Rodriguez,1087.73
TRX-12485,2024-02-26,Vino Malbec,14,4972.47,CLI-713,San Juan,Transferencia,Juan Pérez,951.42
TRX-10711,2023-06-08,Vino Blend,21,2991.23,CLI-658,Neuquén,,Soporte Ventas,1393.09
TRX-11806,05/04/2023,Bonarda,2,10207.61,CLI-881,Salta,Transferencia,Marta Gómez,563.71
TRX-11592,2023-09-25,Bonarda,4,6233.43,CLI-580,San Juan,Tarjeta de Crédito,Ana García,536.94
TRX-11969,2023-12-08,Vino Blend,18,8904.6,CLI-1152,San Juan,Transferencia,Luis Rodriguez,317.66
TRX-11825,2023-12-18,Syrah,15,6912.84,CLI-1456,Mendoza,Tarjeta de Crédito,Marta Gómez,1134.89
TRX-11210,2023-03-06,Vino Rosado,19,1693.83,CLI-696,La Rioja,Tarjeta de Crédito,Soporte Ventas,241.36
TRX-11965,2024-02-26,Vino Chardonnay,5,6363.95,CLI-709,Salta,App Mobile,Marta Gómez,952.43
TRX-10291,2024-02-19,Vino Chardonnay,17,2032.66,CLI-720,La Rioja,App Mobile,Juan Pérez,610.08
TRX-10782,2023-12-02,Cabernet Sauvignon,23,1930.42,CLI-708,San Juan,App Mobile,Marta Gómez,856.74
TRX-10994,2024-03-12,Syrah,17,7432.01,CLI-1304,Neuquén,App Mobile,Ana García,1184.79
TRX-10533,2024-03-24,Vino Blend,1,7063.0,CLI-1074,Neuquén,,Soporte Ventas,994.46
TRX-11600,2024-01-09,Cabernet Sauvignon,9,10021.76,CLI-980,Salta,Tarjeta de Crédito,Ana García,322.81
TRX-10651,2023-05-01,Vino Rosado,5,10186.4,CLI-1438,La Rioja,Tarjeta de Crédito,Juan Pérez,833.61
TRX-11983,2023-11-26,Vino Rosado,10,5353.98,CLI-740,La Rioja,,Juan Pérez,1051.0
TRX-11730,2023-03-15,Bonarda,24,7297.84,CLI-597,La Rioja,App Mobile,Luis Rodriguez,1098.42
TRX-10231,2023-06-02,Vino Blend,16,5007.61,CLI-927,Mendoza,App Mobile,Luis Rodriguez,298.55
TRX-12223,2023-09-10,Vino Blend,20,9226.33,CLI-986,Neuquén,Transferencia,Juan Pérez,1044.43
TRX-11618,2023-10-17,Bonarda,16,7774.13,CLI-1237,Salta,Transferencia,Ana García,1293.07
TRX-12091,2023-10-20,Vino Rosado,11,4683.64,CLI-1035,Neuquén,Tarjeta de Crédito,Soporte Ventas,1276.43
TRX-10428,2023-04-18,Vino Malbec,15,2633.89,CLI-1093,San Juan,,Ana García,277.06
TRX-11734,2023-07-25,Syrah,18,10543.7,CLI-1496,La Rioja,,Luis Rodriguez,1304.68
TRX-12424,2023-12-01,Vino Chardonnay,9,8319.35,CLI-573,La Rioja,App Mobile,Luis Rodriguez,687.83
TRX-11183,2023-07-27,Bonarda,7,9788.28,CLI-570,Catamarca,Tarjeta de Crédito,Luis Rodriguez,1213.84
TRX-10363,2023-05-17,Vino Malbec,17,8955.0,CLI-1073,Mendoza,App Mobile,Soporte Ventas,613.68
TRX-11063,2023-02-27,Espumante,7,3486.09,CLI-902,Neuquén,Tarjeta de Crédito,Ana García,1339.07
TRX-10724,2023-05-17,Bonarda,5,11010.3,CLI-995,Mendoza,Transferencia,Juan Pérez,1415.03
TRX-12447,2023-07-29,Bonarda,4,2339.22,CLI-802,Catamarca,Transferencia,Juan Pérez,618.19
TRX-12127,2023-09-19,Vino Chardonnay,8,3503.16,CLI-1347,Mendoza,Tarjeta de Crédito,Ana García,463.53
TRX-12232,2023-11-04,Cabernet Sauvignon,4,11482.68,CLI-1267,Neuquén,Transferencia,Luis Rodriguez,1367.84
TRX-11935,2023-05-22,Vino Malbec,11,4706.2,CLI-1347,La Rioja,Tarjeta de Crédito,Luis Rodriguez,350.62
TRX-10815,2023-05-20,Vino Rosado,4,9535.31,CLI-1413,Mendoza,,Soporte Ventas,559.67
TRX-11670,2023-01-03,Vino Rosado,22,8043.31,CLI-1089,La Rioja,App Mobile,Soporte Ventas,298.91
TRX-10143,2023-10-25,Syrah,12,2466.58,CLI-1323,La Rioja,Efectivo,Ana García,723.49
TRX-10379,2023-04-05,Syrah,19,7503.29,CLI-944,Mendoza,Efectivo,Luis Rodriguez,576.63
TRX-12198,2023-06-30,Syrah,15,10991.51,CLI-852,Neuquén,Tarjeta de Crédito,Marta Gómez,345.11
TRX-11397,2023-11-05,Vino Rosado,15,1829.67,CLI-1412,Neuquén,Efectivo,Marta Gómez,1184.65
TRX-10774,2023-06-25,Vino Malbec,2,4343.71,CLI-540,La Rioja,Efectivo,Ana García,1108.05
TRX-11192,2023-04-15,Vino Blend,12,4085.72,CLI-802,La Rioja,Tarjeta de Crédito,Ana García,1171.25
TRX-10250,2023-06-26,Vino Malbec,9,5768.91,CLI-871,Catamarca,Tarjeta de Crédito,Marta Gómez,1422.4
TRX-11128,2023-05-17,Bonarda,5,2511.96,CLI-992,San Juan,Efectivo,Soporte Ventas,1270.4
TRX-11359,2023-08-12,Syrah,10,4039.66,CLI-673,Neuquén,App Mobile,Ana García,384.27
TRX-12387,2024-02-17,Espumante,5,2414.02,CLI-1192,La Rioja,,Luis Rodriguez,658.18
TRX-11057,2023-01-12,Espumante,4,11990.28,CLI-822,San Juan,,Luis Rodriguez,203.82
TRX-11060,2023-10-22,Vino Malbec,16,1901.44,CLI-1342,Catamarca,,Luis Rodriguez,690.92
TRX-11970,2023-12-11,Vino Rosado,17,9238.51,CLI-530,Salta,App Mobile,Juan Pérez,684.76
TRX-10733,2023-01-15,Vino Rosado,14,6025.25,CLI-1486,Mendoza,,Soporte Ventas,1465.31
TRX-12328,2023-06-26,Vino Chardonnay,21,11003.63,CLI-730,La Rioja,Transferencia,Soporte Ventas,1459.36
TRX-11044,2023-12-23,Vino Malbec,14,7852.97,CLI-688,Mendoza,Transferencia,Luis Rodriguez,342.52
TRX-11765,2023-12-03,Vino Rosado,13,7522.11,CLI-1438,San Juan,Efectivo,Juan Pérez,911.5
TRX-11248,2024-01-09,Espumante,19,1622.76,CLI-949,Neuquén,Transferencia,Luis Rodriguez,685.82
TRX-12220,2023-10-12,Espumante,11,2434.92,CLI-1412,Catamarca,Tarjeta de Crédito,Marta Gómez,804.39
TRX-10070,2024-02-05,Vino Malbec,14,9983.64,CLI-1420,Salta,Tarjeta de Crédito,Soporte Ventas,1245.29
TRX-10996,2023-08-26,Cabernet Sauvignon,20,10598.33,CLI-1114,Neuquén,Tarjeta de Crédito,Soporte Ventas,829.71
TRX-11187,2023-11-24,Bonarda,16,8404.29,CLI-943,Catamarca,,Juan Pérez,1317.08
TRX-12164,2023-01-20,Bonarda,9,10847.05,CLI-1145,Neuquén,Tarjeta de Crédito,Soporte Ventas,1430.32
TRX-10811,2023-01-18,Syrah,7,1617.8,CLI-1348,San Juan,,Marta Gómez,712.14
TRX-10316,2023-06-12,Vino Chardonnay,1,10004.76,CLI-701,Mendoza,App Mobile,Marta Gómez,628.86
TRX-11084,2023-01-06,Vino Rosado,14,10655.36,CLI-730,San Juan,Efectivo,Ana García,782.18
TRX-12197,2023-08-18,Vino Malbec,5,8250.83,CLI-1252,Neuquén,,Soporte Ventas,797.65
TRX-10918,2023-09-08,Syrah,10,2036.68,CLI-1458,Neuquén,Transferencia,Juan Pérez,1217.12
TRX-12268,2023-11-03,Vino Blend,3,9831.2,CLI-909,Mendoza,Tarjeta de Crédito,Marta Gómez,913.81
TRX-10764,2023-10-12,Vino Blend,21,4924.26,CLI-1279,Catamarca,,Marta Gómez,292.56
TRX-11244,2024-01-27,Bonarda,9,2485.45,CLI-624,Catamarca,Transferencia,Marta Gómez,1104.41
TRX-10772,2023-09-11,Espumante,11,10885.38,CLI-623,SALTA,App Mobile,Luis Rodriguez,880.84
TRX-12231,2023-09-06,Cabernet Sauvignon,1,11066.92,CLI-1443,San Juan,Efectivo,Ana García,484.87
TRX-11197,2023-06-24,Syrah,6,9346.22,CLI-943,Catamarca,Efectivo,Marta Gómez,779.87
TRX-11735,2023-03-21,Bonarda,13,6815.75,CLI-1020,Neuquén,Efectivo,Ana García,345.87
TRX-11804,2023-09-24,Vino Blend,5,7027.37,CLI-725,Mendoza,App Mobile,Marta Gómez,396.24
TRX-10329,2024-02-02,Syrah,2,11353.28,CLI-1242,San Juan,,Luis Rodriguez,1039.33
TRX-11981,2023-12-28,Vino Chardonnay,18,3247.34,CLI-545,Salta,Efectivo,Ana García,577.16
TRX-11028,2023-06-02,Espumante,12,7879.98,CLI-665,La Rioja,Transferencia,Soporte Ventas,1424.47
TRX-12299,2023-05-18,Cabernet Sauvignon,23,11510.59,CLI-1349,San Juan,Efectivo,Marta Gómez,394.45
TRX-11208,2023-01-04,Bonarda,17,10717.38,CLI-1187,Salta,Efectivo,Ana García,1241.18
TRX-11358,2024-02-28,Syrah,3,8250.33,CLI-1445,Mendoza,Transferencia,Ana García,1297.46
TRX-11362,2024-02-04,Vino Blend,17,8735.75,CLI-535,San Juan,Tarjeta de Crédito,Luis Rodriguez,1215.62
TRX-10814,2023-05-09,Vino Chardonnay,11,11020.22,CLI-1272,Catamarca,Tarjeta de Crédito,Juan Pérez,275.24
TRX-10800,2023-02-07,Cabernet Sauvignon,1,5664.3,CLI-1448,Salta,,Luis Rodriguez,682.37
TRX-11980,2023-04-04,,22,3714.57,CLI-705,Catamarca,Efectivo,Soporte Ventas,1384.55
TRX-12437,2023-02-08,Espumante,14,10999.81,CLI-635,La Rioja,Tarjeta de Crédito,Luis Rodriguez,1179.58
TRX-10991,2023-08-03,Vino Rosado,2,7527.77,CLI-1283,Mendoza,Efectivo,Luis Rodriguez,635.97
TRX-12011,2023-01-14,Cabernet Sauvignon,10,3856.36,CLI-1084,San Juan,Tarjeta de Crédito,Soporte Ventas,1163.13
TRX-12080,2023-05-06,Vino Chardonnay,18,11882.04,CLI-685,San Juan,App Mobile,Soporte Ventas,1301.76
TRX-10497,2023-06-01,Bonarda,24,2684.49,CLI-1374,Mendoza,Transferencia,Juan Pérez,1472.27
TRX-10878,2023-08-23,Cabernet Sauvignon,6,7732.78,CLI-1168,San Juan,Transferencia,Juan Pérez,1340.41
TRX-11025,2024-01-16,Syrah,6,6459.88,CLI-1385,Catamarca,Transferencia,Marta Gómez,1037.11
TRX-11524,2023-04-25,Syrah,7,11072.16,CLI-929,Neuquén,App Mobile,Juan Pérez,257.75
TRX-12479,2023-07-07,Syrah,12,1950.03,CLI-1317,La Rioja,App Mobile,Soporte Ventas,1279.86
TRX-11343,2023-07-24,Vino Malbec,10,8483.72,CLI-687,Mendoza,App Mobile,Ana García,317.29
TRX-10010,2023-11-28,Vino Malbec,5,-500.0,CLI-1208,Mendoza,,Juan Pérez,209.27
TRX-12480,2023-07-28,Vino Rosado,24,10602.49,CLI-1067,Mendoza,App Mobile,Ana García,435.91
TRX-10233,2023-02-20,Syrah,24,8824.82,CLI-1474,Catamarca,Transferencia,Soporte Ventas,273.9
TRX-11069,2023-02-18,,10,5974.28,CLI-838,Neuquén,App Mobile,Marta Gómez,572.71
TRX-10114,2024-03-12,Vino Blend,2,8473.56,CLI-922,Neuquén,Tarjeta de Crédito,Soporte Ventas,223.45
TRX-10983,2023-04-07,Vino Malbec,24,5794.28,CLI-511,Salta,,Juan Pérez,1186.46
TRX-10633,2023-07-15,Syrah,24,,CLI-1027,San Juan,App Mobile,Juan Pérez,637.39
TRX-11671,2023-02-07,Syrah,17,3078.54,CLI-1327,Catamarca,Efectivo,Soporte Ventas,1414.33
TRX-10415,2024-02-07,Vino Blend,1,9135.75,CLI-860,Neuquén,Transferencia,Soporte Ventas,1292.33
TRX-12203,2024-01-12,Vino Chardonnay,5,,CLI-706,Mendoza,Tarjeta de Crédito,Luis Rodriguez,1306.15
TRX-12408,2023-05-15,Vino Rosado,5,11138.65,CLI-617,Neuquén,,Ana García,1063.92
TRX-10716,2024-01-17,Cabernet Sauvignon,8,6085.94,CLI-1417,San Juan,App Mobile,Soporte Ventas,1094.36
TRX-11454,2024-01-08,Vino Malbec,10,4596.81,CLI-1453,Neuquén,,Ana García,1034.88
TRX-11156,2024-01-02,Espumante,12,,CLI-1222,Mendoza,Tarjeta de Crédito,Marta Gómez,761.26
TRX-10837,2023-09-17,Bonarda,8,4677.41,CLI-849,Neuquén,Tarjeta de Crédito,Marta Gómez,1351.99
TRX-10017,2023-11-18,Vino Rosado,15,3418.8,CLI-1156,Salta,,Luis Rodriguez,888.67
TRX-12388,2024-03-22,Vino Blend,3,10221.29,CLI-891,Salta,Efectivo,Juan Pérez,593.29
TRX-11784,2023-05-09,Vino Blend,24,4979.93,CLI-703,Mendoza,Tarjeta de Crédito,Ana García,648.85
TRX-12056,2023-01-30,Vino Blend,9,3503.65,CLI-554,Mendoza,Tarjeta de Crédito,Juan Pérez,846.4
TRX-12267,2023-04-21,Syrah,21,4571.87,CLI-1123,La Rioja,App Mobile,Ana García,1460.66
TRX-10596,2023-01-10,Bonarda,1,3021.76,CLI-848,La Rioja,Efectivo,Juan Pérez,1320.53
TRX-11989,2023-06-07,Bonarda,9,3045.14,CLI-656,San Juan,App Mobile,Juan Pérez,1172.41
TRX-12213,2024-03-03,Vino Rosado,9,3582.84,CLI-1312,Salta,App Mobile,Luis Rodriguez,527.29
TRX-11536,2023-04-14,Bonarda,20,11721.56,CLI-525,Neuquén,Tarjeta de Crédito,Juan Pérez,985.1
TRX-11584,2024-02-16,Vino Chardonnay,1,3025.72,CLI-1022,La Rioja,Efectivo,Juan Pérez,1405.58
TRX-11482,2023-04-11,Cabernet Sauvignon,4,9450.97,CLI-1255,La Rioja,,Ana García,890.89
TRX-11204,2023-04-06,Cabernet Sauvignon,22,2154.03,CLI-739,San Juan,Efectivo,Soporte Ventas,902.61
TRX-10371,2023-11-22,Vino Rosado,4,10923.81,CLI-1216,Mendoza,,Juan Pérez,874.11
TRX-11409,2023-08-19,Espumante,16,2645.33,CLI-1310,Mendoza,Efectivo,Luis Rodriguez,624.14
TRX-11859,2023-03-15,Vino Blend,15,3140.56,CLI-1276,Neuquén,,Juan Pérez,1363.77
TRX-12033,2024-03-20,Vino Chardonnay,7,,CLI-616,Salta,App Mobile,Ana García,1393.26
TRX-10598,2023-01-24,Syrah,4,5108.43,CLI-1102,La Rioja,,Luis Rodriguez,369.53
TRX-10676,2023-05-23,Vino Blend,5,5988.81,CLI-1343,Mendoza,,Marta Gómez,375.05
TRX-10238,2023-02-21,Vino Malbec,16,7461.58,CLI-573,Salta,Transferencia,Luis Rodriguez,430.52
TRX-10284,2023-10-28,Syrah,4,7394.33,CLI-559,La Rioja,Efectivo,Marta Gómez,1493.72
TRX-11841,2023-12-03,Cabernet Sauvignon,2,4025.18,CLI-507,SALTA,Transferencia,Juan Pérez,1270.35
TRX-10911,2023-05-12,Vino Rosado,4,8309.76,CLI-690,Neuquén,App Mobile,Ana García,408.7
TRX-11153,2023-09-20,Bonarda,5,9846.47,CLI-936,Mendoza,App Mobile,Marta Gómez,1260.13
TRX-10075,2024-01-03,Bonarda,14,10729.13,CLI-1052,Salta,Tarjeta de Crédito,Ana García,961.52
TRX-11872,2023-05-14,Vino Chardonnay,8,2991.93,CLI-758,Catamarca,Tarjeta de Crédito,Ana García,590.57
TRX-10086,2023-05-12,Syrah,23,11814.53,CLI-1436,Salta,Efectivo,Juan Pérez,1160.7
TRX-10425,2023-06-18,Vino Rosado,24,3728.67,CLI-786,Catamarca,Transferencia,Marta Gómez,907.46
TRX-10260,2024-03-12,Vino Rosado,12,5004.23,CLI-894,Catamarca,Tarjeta de Crédito,Marta Gómez,495.75
TRX-10629,2023-02-08,Bonarda,14,9806.03,CLI-1235,San Juan,Tarjeta de Crédito,Ana García,599.39
TRX-12363,2024-03-04,Syrah,23,5977.66,CLI-569,Salta,App Mobile,Marta Gómez,1227.97
TRX-11722,2023-05-18,Vino Rosado,2,3185.79,CLI-625,Catamarca,Tarjeta de Crédito,Soporte Ventas,1133.13
TRX-11209,07/03/2024,Bonarda,13,7325.08,CLI-1249,Salta,Transferencia,Soporte Ventas,1466.7
TRX-11601,2023-09-01,Vino Chardonnay,20,4768.06,CLI-1229,Salta,,Juan Pérez,853.81
TRX-11202,2024-02-13,Espumante,12,,CLI-998,Mendoza,Tarjeta de Crédito,Marta Gómez,1165.86
TRX-10005,2023-02-24,Syrah,9999,10777.0,CLI-1166,Neuquén,Tarjeta de Crédito,Luis Rodriguez,1020.56
TRX-11665,2023-05-03,Cabernet Sauvignon,12,6151.31,CLI-826,La Rioja,App Mobile,Ana García,1302.81
TRX-11994,2024-03-12,Syrah,22,6444.32,CLI-1209,Salta,App Mobile,Ana García,1056.15
TRX-10096,2023-08-15,Vino Malbec,13,1752.29,CLI-1190,San Juan,Efectivo,Ana García,951.32
TRX-10842,2023-03-28,Cabernet Sauvignon,8,2745.48,CLI-1070,La Rioja,Efectivo,Juan Pérez,1161.91
TRX-11253,2023-12-14,Vino Rosado,7,11134.82,CLI-1047,Salta,Efectivo,Ana García,818.38
TRX-11484,2023-08-28,Syrah,16,6349.31,CLI-1153,Catamarca,App Mobile,Luis Rodriguez,1106.97
TRX-10621,2023-07-30,Vino Malbec,22,7984.64,CLI-714,Neuquén,Transferencia,Juan Pérez,1467.3
TRX-12362,2024-02-22,Bonarda,11,9324.69,CLI-1056,Salta,,Luis Rodriguez,816.27
TRX-10388,2023-09-10,Syrah,11,8216.6,CLI-933,Neuquén,Efectivo,Marta Gómez,1409.64
TRX-10566,2023-01-30,Bonarda,15,10552.7,CLI-1149,Salta,Tarjeta de Crédito,Soporte Ventas,805.61
TRX-11541,2023-06-12,Vino Malbec,1,9112.58,CLI-959,Catamarca,Transferencia,Ana García,1170.11
TRX-11268,2023-06-23,Vino Malbec,19,6574.71,CLI-1210,Catamarca,App Mobile,Soporte Ventas,1241.11
TRX-12137,2023-06-14,Vino Chardonnay,20,3730.31,CLI-858,Neuquén,Efectivo,Juan Pérez,659.8
TRX-10051,2023-12-11,Espumante,7,2185.45,CLI-708,Neuquén,Tarjeta de Crédito,Soporte Ventas,956.32
TRX-10827,2023-11-08,Syrah,8,3651.81,CLI-914,Catamarca,Tarjeta de Crédito,Marta Gómez,1146.75
TRX-12150,2023-04-06,Cabernet Sauvignon,10,,CLI-1101,Catamarca,Efectivo,Soporte Ventas,787.19
TRX-11300,2023-04-16,Syrah,5,11610.52,CLI-858,Mendoza,Tarjeta de Crédito,Soporte Ventas,1161.34
TRX-11918,2023-02-12,Bonarda,15,5078.16,CLI-929,Neuquén,,Soporte Ventas,862.89
TRX-10534,2023-03-13,Cabernet Sauvignon,14,8560.0,CLI-1350,San Juan,Efectivo,Marta Gómez,986.69
TRX-10745,2023-07-12,Syrah,11,6798.84,CLI-1332,Salta,Tarjeta de Crédito,Juan Pérez,716.42
TRX-10311,2023-06-10,Vino Chardonnay,15,,CLI-1303,Salta,,Juan Pérez,527.93
TRX-12000,2023-05-19,Vino Rosado,17,6158.08,CLI-682,Catamarca,,Juan Pérez,1476.3
TRX-10443,2024-01-01,Cabernet Sauvignon,14,2405.16,CLI-632,Neuquén,Tarjeta de Crédito,Ana García,1105.49
TRX-12041,2024-01-02,Cabernet Sauvignon,8,4254.49,CLI-1226,Salta,Transferencia,Ana García,1411.43
TRX-10195,2023-08-15,Espumante,2,11296.71,CLI-1177,Neuquén,App Mobile,Ana García,638.28
TRX-12257,2023-05-06,Vino Chardonnay,18,2419.23,CLI-779,Catamarca,App Mobile,Juan Pérez,473.37
TRX-12061,2023-04-11,Bonarda,5,4461.13,CLI-1413,Catamarca,Efectivo,Juan Pérez,403.23
TRX-12002,2023-07-05,Vino Blend,22,1704.74,CLI-513,Catamarca,Tarjeta de Crédito,Soporte Ventas,888.88
TRX-10952,2023-04-16,Espumante,1,10971.78,CLI-1346,La Rioja,Efectivo,Soporte Ventas,1243.88
TRX-10302,2023-06-09,Vino Malbec,18,2207.69,CLI-1273,La Rioja,Tarjeta de Crédito,Ana García,1374.29
TRX-11435,2023-09-14,Vino Malbec,7,10491.92,CLI-1318,San Juan,Tarjeta de Crédito,Soporte Ventas,1123.36
TRX-10454,2023-07-30,Bonarda,22,5787.16,CLI-672,La Rioja,,Juan Pérez,1075.97
TRX-10241,2023-08-01,Vino Malbec,2,11344.73,CLI-617,Neuquén,Transferencia,Juan Pérez,681.23
TRX-10020,2023-01-29,Syrah,24,11534.53,CLI-1176,MENDOZA,Transferencia,Ana García,483.93
TRX-11960,2023-06-09,Vino Blend,22,4913.83,CLI-1195,La Rioja,App Mobile,Soporte Ventas,303.89
TRX-10644,2023-07-08,Vino Chardonnay,7,3106.14,CLI-1130,Mendoza,,Soporte Ventas,552.0
TRX-10879,2023-07-25,Vino Chardonnay,22,7903.38,CLI-717,Catamarca,,Soporte Ventas,427.96
TRX-10037,2023-09-12,Cabernet Sauvignon,14,6421.99,CLI-1215,Neuquén,Tarjeta de Crédito,Soporte Ventas,872.18
TRX-11937,2024-02-10,Vino Rosado,3,3957.87,CLI-753,Catamarca,Transferencia,Ana García,1036.38
TRX-10384,2023-11-30,,13,3063.11,CLI-732,La Rioja,Transferencia,Soporte Ventas,766.75
TRX-10120,2023-11-19,Cabernet Sauvignon,12,6097.12,CLI-677,San Juan,Tarjeta de Crédito,Ana García,1440.9
TRX-11173,2023-05-31,Vino Malbec,21,7212.63,CLI-1317,Salta,Tarjeta de Crédito,Juan Pérez,739.53
TRX-11292,2023-01-11,Vino Blend,23,,CLI-561,Catamarca,Transferencia,Soporte Ventas,664.75
TRX-11221,2023-06-15,Vino Rosado,16,3519.26,CLI-976,San Juan,Transferencia,Ana García,448.47
TRX-10206,2023-06-27,Cabernet Sauvignon,11,8521.66,CLI-932,Neuquén,Tarjeta de Crédito,Ana García,504.55
TRX-11606,2023-11-13,Vino Blend,24,10193.7,CLI-670,Salta,,Luis Rodriguez,928.93
TRX-12306,2023-12-30,Vino Rosado,12,10204.94,CLI-1453,Salta,App Mobile,Soporte Ventas,267.8
TRX-10134,2023-08-16,Syrah,15,5858.37,CLI-962,Salta,Efectivo,Luis Rodriguez,1314.55
TRX-10509,2023-12-08,Vino Malbec,1,6914.69,CLI-783,La Rioja,Efectivo,Soporte Ventas,778.04
TRX-10213,2023-08-24,Vino Chardonnay,7,11529.92,CLI-1162,Catamarca,Tarjeta de Crédito,Marta Gómez,1292.86
TRX-11666,2023-10-09,Vino Malbec,12,2302.14,CLI-1358,Catamarca,Transferencia,Ana García,268.9
TRX-12348,2023-09-06,Vino Chardonnay,5,11310.33,CLI-1255,San Juan,Tarjeta de Crédito,Ana García,1058.18
TRX-10184,2024-01-31,Cabernet Sauvignon,15,1655.51,CLI-1318,Catamarca,Transferencia,Marta Gómez,1024.99
TRX-11385,2023-12-19,Syrah,17,4864.74,CLI-1036,Neuquén,Transferencia,Ana García,1496.55
TRX-11732,2023-06-05,Espumante,13,4127.78,CLI-1081,San Juan,,Luis Rodriguez,804.31
TRX-10511,2023-09-30,Espumante,13,2334.02,CLI-996,Catamarca,App Mobile,Luis Rodriguez,628.07
TRX-10919,2023-12-07,Vino Rosado,19,3229.53,CLI-882,Mendoza,Tarjeta de Crédito,Luis Rodriguez,1326.16
TRX-10062,2023-03-31,Vino Malbec,13,7607.64,CLI-672,San Juan,App Mobile,Marta Gómez,1188.63
TRX-10529,2023-11-25,Vino Blend,21,8338.91,CLI-908,Neuquén,,Marta Gómez,681.04
TRX-10091,2023-05-25,Vino Chardonnay,13,3448.19,CLI-1420,La Rioja,App Mobile,Soporte Ventas,1413.52
TRX-10334,2023-10-23,Vino Rosado,14,2353.92,CLI-1132,Catamarca,Tarjeta de Crédito,Marta Gómez,602.16
TRX-10807,2023-03-23,Vino Malbec,3,3399.97,CLI-721,La Rioja,,Juan Pérez,458.96
TRX-10812,2023-06-24,Espumante,10,2048.88,CLI-1353,San Juan,Transferencia,Ana García,1346.95
TRX-10251,2023-12-08,Cabernet Sauvignon,6,5787.12,CLI-880,La Rioja,Efectivo,Marta Gómez,654.75
TRX-10625,2023-09-25,Vino Chardonnay,7,9689.35,CLI-1109,Salta,Efectivo,Juan Pérez,881.28
TRX-11441,2024-03-12,Syrah,24,5422.67,CLI-665,Catamarca,Tarjeta de Crédito,Juan Pérez,683.11
TRX-10861,2024-02-09,Vino Malbec,14,9284.11,CLI-1293,San Juan,Tarjeta de Crédito,Ana García,1426.47
TRX-10741,2023-05-29,Cabernet Sauvignon,6,9974.91,CLI-1397,Catamarca,App Mobile,Ana García,1286.09
TRX-12449,2023-02-06,Vino Blend,13,2131.52,CLI-775,San Juan,Efectivo,Soporte Ventas,1261.3
TRX-10122,2023-01-05,Vino Blend,5,9545.01,CLI-968,Mendoza,App Mobile,Luis Rodriguez,457.03
TRX-11801,2023-06-18,Vino Blend,22,8065.58,CLI-1110,San Juan,Efectivo,Soporte Ventas,345.82
TRX-11158,2023-01-17,Bonarda,9,9510.76,CLI-1409,Catamarca,,Luis Rodriguez,950.62
TRX-11975,2023-12-30,Cabernet Sauvignon,17,4072.48,CLI-1059,La Rioja,Efectivo,Luis Rodriguez,1205.81
TRX-10196,2024-01-06,Syrah,8,9572.16,CLI-672,Catamarca,,Ana García,824.24
TRX-11293,2024-03-03,Syrah,13,3509.94,CLI-1129,Salta,Transferencia,Juan Pérez,990.42
TRX-10567,2023-09-22,Espumante,4,3578.18,CLI-1283,Catamarca,Transferencia,Soporte Ventas,275.08
TRX-12272,2023-05-26,Cabernet Sauvignon,12,2760.7,CLI-874,La Rioja,App Mobile,Luis Rodriguez,1489.92
TRX-10548,2023-01-17,Syrah,14,4664.67,CLI-1053,Neuquén,Efectivo,Ana García,1132.92
TRX-11020,2023-11-23,Cabernet Sauvignon,22,5730.29,CLI-1067,San Juan,App Mobile,Luis Rodriguez,602.44
TRX-10795,2023-04-24,Syrah,22,2050.08,CLI-1298,La Rioja,App Mobile,Luis Rodriguez,742.11
TRX-11267,2023-12-18,Vino Chardonnay,22,,CLI-959,Catamarca,,Juan Pérez,1008.17
TRX-10963,2023-02-20,Vino Rosado,21,8027.6,CLI-1088,Catamarca,,Soporte Ventas,1311.5
TRX-11260,2023-11-05,Syrah,14,7450.86,CLI-1134,Catamarca,Efectivo,Soporte Ventas,1270.13
TRX-11786,2024-03-10,Cabernet Sauvignon,16,3389.51,CLI-772,Neuquén,Efectivo,Ana García,1245.26
TRX-11768,2023-04-23,Vino Rosado,9,9793.33,CLI-1090,Salta,Tarjeta de Crédito,Juan Pérez,1245.22
TRX-11235,2023-06-01,Vino Rosado,13,4872.73,CLI-1228,San Juan,,Soporte Ventas,1180.49
TRX-10720,2023-12-20,Espumante,9,3032.41,CLI-1498,Salta,Tarjeta de Crédito,Luis Rodriguez,289.19
TRX-10489,2024-01-17,Bonarda,12,4296.49,CLI-517,Mendoza,Transferencia,Marta Gómez,217.81
TRX-12377,2023-09-03,Vino Malbec,4,10494.96,CLI-1466,Mendoza,Efectivo,Marta Gómez,309.87
TRX-11481,2023-01-01,Syrah,7,1552.81,CLI-1207,Catamarca,Efectivo,Soporte Ventas,703.87
TRX-11364,2023-05-31,Cabernet Sauvignon,12,10160.52,CLI-1191,Mendoza,Tarjeta de Crédito,Soporte Ventas,1047.06
TRX-10749,2023-03-03,Syrah,7,10124.12,CLI-1263,Catamarca,,Juan Pérez,629.34
TRX-10602,2023-04-15,Bonarda,3,1786.02,CLI-933,Salta,Transferencia,Juan Pérez,533.82
TRX-11462,2023-01-05,Vino Malbec,21,11232.66,CLI-1319,Mendoza,Transferencia,Marta Gómez,1286.68
TRX-11312,2023-05-30,Cabernet Sauvignon,7,11475.76,CLI-598,Salta,Tarjeta de Crédito,Juan Pérez,647.61
TRX-11458,2023-09-11,Bonarda,6,9110.5,CLI-1301,Catamarca,App Mobile,Luis Rodriguez,1399.88
TRX-10588,2024-03-15,Syrah,9,8967.53,CLI-1041,Mendoza,,Juan Pérez,843.05
TRX-10318,2024-02-15,Cabernet Sauvignon,4,2132.24,CLI-1399,Salta,App Mobile,Juan Pérez,387.56
TRX-12118,2023-01-31,Cabernet Sauvignon,10,2962.25,CLI-1313,San Juan,App Mobile,Soporte Ventas,588.49
TRX-11038,2023-07-04,Cabernet Sauvignon,14,7377.47,CLI-629,Mendoza,Transferencia,Ana García,412.05
TRX-10274,2024-02-17,Vino Chardonnay,3,8935.43,CLI-1374,San Juan,Transferencia,Ana García,833.5
TRX-11949,2023-01-23,Vino Rosado,14,8437.7,CLI-1181,Catamarca,Efectivo,Marta Gómez,331.0
TRX-10549,2023-05-28,Vino Malbec,2,8827.45,CLI-1238,San Juan,,Ana García,299.17
TRX-10838,2023-09-29,Vino Blend,9,9968.77,CLI-746,La Rioja,Tarjeta de Crédito,Marta Gómez,549.89
TRX-12215,2023-01-30,Cabernet Sauvignon,22,7784.26,CLI-925,La Rioja,Efectivo,Marta Gómez,666.43
TRX-10502,2023-10-04,Vino Malbec,6,9987.45,CLI-999,La Rioja,,Ana García,870.28
TRX-10303,2023-11-21,Vino Malbec,21,9585.45,CLI-579,Salta,Efectivo,Luis Rodriguez,436.15
TRX-10605,2023-01-04,Vino Chardonnay,20,3598.76,CLI-1294,Neuquén,Efectivo,Marta Gómez,1174.98
TRX-11095,2023-08-31,Bonarda,11,1989.99,CLI-1216,La Rioja,Efectivo,Luis Rodriguez,373.88
TRX-10527,2023-03-27,Espumante,12,3011.43,CLI-864,Mendoza,,Luis Rodriguez,679.94
TRX-11533,2023-02-16,Espumante,7,6144.2,CLI-1066,Mendoza,Tarjeta de Crédito,Ana García,1357.37
TRX-12412,2023-01-27,Bonarda,1,7647.77,CLI-530,Salta,Transferencia,Marta Gómez,558.89
TRX-12478,2023-01-23,Vino Chardonnay,21,6176.18,CLI-532,Neuquén,App Mobile,Luis Rodriguez,810.62
TRX-10829,2023-08-23,Espumante,13,3102.05,CLI-966,Neuquén,,Marta Gómez,250.79
TRX-10060,2023-07-18,Cabernet Sauvignon,3,4037.4,CLI-1170,San Juan,App Mobile,Soporte Ventas,652.57
TRX-10202,2024-02-23,Cabernet Sauvignon,20,9325.92,CLI-781,Catamarca,Tarjeta de Crédito,Soporte Ventas,605.77
TRX-11906,2023-12-17,Cabernet Sauvignon,12,5883.0,CLI-893,Neuquén,Tarjeta de Crédito,Marta Gómez,516.73
TRX-11984,2023-01-27,Syrah,16,10240.65,CLI-1256,Mendoza,App Mobile,Juan Pérez,250.33
TRX-10298,17/06/2023,Vino Malbec,23,5210.11,CLI-1453,Salta,Efectivo,Juan Pérez,1091.3
TRX-10068,2023-01-21,Vino Chardonnay,4,7839.53,CLI-1297,Neuquén,Transferencia,Juan Pérez,631.62
TRX-10365,2023-08-24,Vino Chardonnay,16,11407.2,CLI-1037,Neuquén,,Marta Gómez,694.18
TRX-12103,2024-02-23,Bonarda,5,9831.96,CLI-1248,Salta,,Marta Gómez,927.75
TRX-12224,2024-03-02,Syrah,5,11891.55,CLI-956,La Rioja,,Marta Gómez,695.78
TRX-10046,2023-09-27,Vino Blend,14,9772.55,CLI-633,San Juan,,Soporte Ventas,245.98
TRX-12423,2023-07-07,Vino Chardonnay,18,8225.83,CLI-1449,Neuquén,,Soporte Ventas,959.51
TRX-12341,2023-08-03,Cabernet Sauvignon,13,1554.32,CLI-1012,La Rioja,Tarjeta de Crédito,Soporte Ventas,463.3
TRX-11761,2024-01-03,Bonarda,16,2225.2,CLI-1070,San Juan,,Marta Gómez,808.75
TRX-10150,25/02/2024,Vino Blend,4,4512.78,CLI-743,Neuquén,Transferencia,Ana García,1475.48
TRX-10756,2024-03-11,Bonarda,10,11916.95,CLI-656,San Juan,Tarjeta de Crédito,Soporte Ventas,1345.68
TRX-11075,2023-04-30,Vino Malbec,4,6989.49,CLI-755,San Juan,App Mobile,Ana García,1134.79
TRX-11273,2023-04-03,Syrah,16,3911.05,CLI-1429,Neuquén,App Mobile,Ana García,409.49
TRX-11857,2023-07-21,Vino Rosado,3,1773.45,CLI-950,Neuquén,,Luis Rodriguez,461.1
TRX-12394,2023-04-21,Cabernet Sauvignon,20,9096.04,CLI-1433,Mendoza,Transferencia,Marta Gómez,1136.6
TRX-12149,2023-12-03,Vino Rosado,3,8535.73,CLI-889,Catamarca,App Mobile,Ana García,673.96
TRX-11895,2024-01-05,Bonarda,10,,CLI-1260,Salta,Efectivo,Soporte Ventas,894.04
TRX-11934,2023-10-20,Syrah,10,7153.38,CLI-607,Salta,,Luis Rodriguez,1433.55
TRX-10376,2023-12-30,Syrah,9,6462.53,CLI-1303,Mendoza,Transferencia,Marta Gómez,1103.26
TRX-11073,2023-02-19,Vino Malbec,2,7868.01,CLI-1128,Catamarca,Transferencia,Ana García,631.85
TRX-11485,2023-01-05,Vino Chardonnay,22,8734.65,CLI-1268,San Juan,App Mobile,Soporte Ventas,1465.13
TRX-10859,2023-04-04,Bonarda,7,9681.82,CLI-962,La Rioja,Efectivo,Juan Pérez,1467.96
TRX-10915,2023-09-28,Cabernet Sauvignon,1,11364.11,CLI-1097,Neuquén,Efectivo,Luis Rodriguez,247.52
TRX-10899,2024-03-19,Syrah,20,5578.27,CLI-994,Catamarca,Efectivo,Soporte Ventas,740.71
TRX-10378,2023-03-27,Vino Blend,11,11366.95,CLI-627,La Rioja,Tarjeta de Crédito,Luis Rodriguez,267.6
TRX-11858,2024-02-02,Vino Rosado,9,6326.0,CLI-785,La Rioja,Tarjeta de Crédito,Marta Gómez,306.74
TRX-11357,2023-12-14,Vino Rosado,6,7290.96,CLI-826,La Rioja,App Mobile,Soporte Ventas,1453.22
TRX-11706,17/02/2024,Vino Blend,24,4174.16,CLI-507,La Rioja,App Mobile,Marta Gómez,934.51
TRX-11917,2024-01-30,Vino Rosado,8,9342.94,CLI-639,La Rioja,Tarjeta de Crédito,Soporte Ventas,1082.1
TRX-12442,2023-10-21,Vino Chardonnay,2,8331.15,CLI-555,San Juan,Tarjeta de Crédito,Juan Pérez,608.8
TRX-11988,2023-10-26,Vino Malbec,17,3709.27,CLI-658,Salta,Transferencia,Soporte Ventas,1327.68
TRX-12132,2023-12-31,Vino Chardonnay,9,11765.83,CLI-738,Neuquén,Efectivo,Marta Gómez,311.68
TRX-11328,2023-03-06,Espumante,17,6077.38,CLI-1073,Mendoza,Efectivo,Ana García,449.71
TRX-11756,2023-11-22,Bonarda,23,5124.25,CLI-1338,Salta,Tarjeta de Crédito,Ana García,317.17
TRX-11902,2023-12-13,Vino Chardonnay,21,2357.25,CLI-1278,La Rioja,App Mobile,Luis Rodriguez,916.28
TRX-12336,2023-04-14,Cabernet Sauvignon,1,5134.77,CLI-1017,Neuquén,Efectivo,Ana García,1307.38
TRX-11413,2023-10-27,Espumante,9,9276.73,CLI-1048,Neuquén,Efectivo,Soporte Ventas,401.39
TRX-10794,2023-03-14,Vino Blend,17,11777.34,CLI-641,Mendoza,Transferencia,Marta Gómez,596.13
TRX-10369,2023-01-12,Cabernet Sauvignon,4,5440.53,CLI-871,Catamarca,Transferencia,Marta Gómez,1037.1
TRX-10841,2023-03-30,Vino Blend,16,6400.9,CLI-874,Mendoza,Efectivo,Marta Gómez,966.87
TRX-11716,2023-02-13,Vino Blend,5,6688.14,CLI-1178,Mendoza,Tarjeta de Crédito,Marta Gómez,1354.63
TRX-10968,2023-01-30,Espumante,15,6042.45,CLI-1222,San Juan,Transferencia,Juan Pérez,774.99
TRX-10175,2023-10-25,Vino Rosado,18,8773.36,CLI-1428,Neuquén,App Mobile,Ana García,1166.02
TRX-12100,2023-05-13,Bonarda,9,7165.76,CLI-835,Neuquén,,Marta Gómez,1066.07
TRX-10799,2023-06-12,Vino Rosado,21,2669.12,CLI-730,Mendoza,Efectivo,Luis Rodriguez,1203.15
TRX-12350,2023-12-25,Cabernet Sauvignon,23,2388.79,CLI-1476,SALTA,Efectivo,Ana García,388.08
TRX-10045,2023-12-21,Vino Chardonnay,3,4979.54,CLI-1171,Catamarca,App Mobile,Luis Rodriguez,720.52
TRX-10236,2023-10-08,Vino Rosado,11,11596.49,CLI-779,Salta,,Juan Pérez,266.26
TRX-11550,2023-09-13,Bonarda,5,7904.88,CLI-1276,Mendoza,Efectivo,Luis Rodriguez,345.2
TRX-11133,2023-07-04,Espumante,24,10444.36,CLI-1198,Neuquén,Efectivo,Luis Rodriguez,1011.47
TRX-10649,2023-07-07,Bonarda,14,6589.81,CLI-1036,Catamarca,App Mobile,Luis Rodriguez,1470.79
TRX-10896,2024-03-24,Vino Blend,21,4045.45,CLI-986,Catamarca,Efectivo,Juan Pérez,679.79
TRX-11583,2023-04-19,Vino Malbec,20,8498.13,CLI-1278,Catamarca,Tarjeta de Crédito,Marta Gómez,488.64
TRX-11714,2023-09-04,Vino Blend,13,2252.56,CLI-725,Catamarca,Tarjeta de Crédito,Soporte Ventas,593.69
TRX-11345,2024-01-27,Espumante,9,11271.16,CLI-1178,San Juan,App Mobile,Luis Rodriguez,1346.73
TRX-12482,2023-06-27,Vino Malbec,23,4475.57,CLI-597,Mendoza,,Ana García,469.76
TRX-11849,2024-02-05,Vino Blend,1,3265.66,CLI-1117,Mendoza,Efectivo,Juan Pérez,1318.03
TRX-11769,2023-06-30,Cabernet Sauvignon,16,8518.33,CLI-529,La Rioja,Transferencia,Juan Pérez,1195.63
TRX-10300,2023-03-15,Vino Rosado,7,1980.2,CLI-1190,San Juan,Transferencia,Soporte Ventas,453.53
TRX-12474,2023-01-04,Vino Blend,5,2776.9,CLI-1368,Catamarca,,Ana García,484.79
TRX-12493,2024-01-25,Vino Chardonnay,15,6081.53,CLI-1406,Salta,Tarjeta de Crédito,Soporte Ventas,228.85
TRX-10283,2023-08-09,Vino Rosado,24,10257.36,CLI-1315,San Juan,Transferencia,Juan Pérez,371.92
TRX-11613,2024-02-03,,5,1961.88,CLI-1056,Mendoza,Efectivo,Soporte Ventas,352.95
TRX-12156,2024-03-08,Vino Malbec,11,1958.58,CLI-737,Mendoza,,Ana García,884.12
TRX-11737,2023-03-10,Cabernet Sauvignon,21,4271.55,CLI-1138,Neuquén,Transferencia,Marta Gómez,226.05
TRX-11593,2023-06-25,Bonarda,7,8118.63,CLI-864,Mendoza,,Juan Pérez,1153.59
TRX-11231,2023-10-18,Syrah,23,4681.48,CLI-764,Neuquén,Transferencia,Luis Rodriguez,941.59
TRX-11306,2023-09-14,Cabernet Sauvignon,13,7927.18,CLI-960,Catamarca,Transferencia,Luis Rodriguez,1479.9
TRX-11525,2024-03-12,Vino Chardonnay,3,6857.58,CLI-1039,Salta,Efectivo,Marta Gómez,1381.12
TRX-11103,2023-09-09,Vino Blend,8,4817.74,CLI-1342,San Juan,Efectivo,Soporte Ventas,932.45
TRX-10936,2023-10-02,Vino Chardonnay,23,5168.72,CLI-991,Mendoza,Efectivo,Ana García,1031.8
TRX-12131,2024-01-08,Bonarda,3,2446.72,CLI-1240,Neuquén,App Mobile,Ana García,208.56
TRX-11200,2023-07-08,Vino Chardonnay,1,6728.02,CLI-789,San Juan,,Juan Pérez,792.32
TRX-10078,2023-06-27,Cabernet Sauvignon,13,4122.39,CLI-627,Catamarca,Tarjeta de Crédito,Luis Rodriguez,331.54
TRX-12110,2023-09-19,Vino Malbec,11,4646.17,CLI-1484,Mendoza,Transferencia,Soporte Ventas,585.45
TRX-10265,2023-11-25,Bonarda,12,4718.64,CLI-562,Salta,Transferencia,Luis Rodriguez,1247.68
TRX-10966,2023-03-05,Syrah,13,2347.04,CLI-1414,Neuquén,Efectivo,Soporte Ventas,1403.19
TRX-11269,2023-07-24,Espumante,5,10397.86,CLI-794,Salta,App Mobile,Ana García,620.46
TRX-12446,2023-12-14,Vino Chardonnay,8,5119.44,CLI-1028,Mendoza,Transferencia,Marta Gómez,1066.67
TRX-11096,2024-01-17,Vino Rosado,24,11403.67,CLI-973,Mendoza,App Mobile,Juan Pérez,1472.21
TRX-10412,2024-02-03,Espumante,13,2779.14,CLI-1215,San Juan,Efectivo,Marta Gómez,932.68
TRX-11905,2023-10-11,Syrah,8,7157.92,CLI-1313,San Juan,App Mobile,Marta Gómez,392.73
TRX-11566,2023-04-02,Espumante,20,6686.64,CLI-789,Mendoza,Efectivo,Luis Rodriguez,797.63
TRX-11777,2023-06-18,Espumante,10,6644.37,CLI-1184,Mendoza,Efectivo,Luis Rodriguez,677.56
TRX-10099,2024-01-04,Vino Rosado,2,1635.09,CLI-1427,San Juan,,Luis Rodriguez,511.67
TRX-11115,2023-01-30,Vino Malbec,8,1960.84,CLI-1307,Salta,Efectivo,Ana García,536.65
TRX-11383,2023-09-07,Bonarda,13,8663.44,CLI-1382,Neuquén,Tarjeta de Crédito,Ana García,929.9
TRX-11427,2024-01-19,Vino Rosado,3,5215.17,CLI-595,Catamarca,Transferencia,Ana García,934.12
TRX-12262,2023-12-09,Vino Chardonnay,23,10107.22,CLI-518,La Rioja,App Mobile,Soporte Ventas,1305.19
TRX-10351,2024-01-17,,9,3344.67,CLI-1329,San Juan,Efectivo,Luis Rodriguez,592.75
TRX-10480,2024-02-26,Syrah,6,6666.74,CLI-706,Mendoza,Transferencia,Luis Rodriguez,964.88
TRX-11087,2023-03-13,Vino Malbec,22,1712.85,CLI-799,Neuquén,App Mobile,Ana García,340.07
TRX-10977,2024-02-15,Cabernet Sauvignon,6,4447.68,CLI-1163,SAN JUAN,Tarjeta de Crédito,Juan Pérez,343.4
TRX-11059,2023-03-27,Bonarda,21,5428.39,CLI-1489,Neuquén,Efectivo,Marta Gómez,973.42
TRX-10718,2023-04-03,Vino Rosado,14,9289.31,CLI-916,Neuquén,,Juan Pérez,1176.09
TRX-10133,2023-05-15,Bonarda,19,5422.29,CLI-644,Mendoza,App Mobile,Luis Rodriguez,930.77
TRX-10834,2024-03-09,Espumante,19,3560.0,CLI-770,San Juan,Tarjeta de Crédito,Soporte Ventas,924.75
TRX-10917,2023-08-31,Cabernet Sauvignon,14,8757.05,CLI-1307,San Juan,Efectivo,Luis Rodriguez,1191.71
TRX-11595,2023-11-13,Vino Rosado,7,9127.24,CLI-1279,San Juan,,Juan Pérez,887.26
TRX-10308,2024-02-10,Vino Rosado,11,11115.05,CLI-1009,La Rioja,Transferencia,Juan Pérez,546.17
TRX-12429,2023-10-15,Syrah,5,10242.44,CLI-1067,Mendoza,,Ana García,597.75
TRX-10833,2023-10-18,Cabernet Sauvignon,3,4012.71,CLI-938,Catamarca,Tarjeta de Crédito,Juan Pérez,578.79
TRX-10366,2023-12-13,Bonarda,14,9066.94,CLI-1083,Neuquén,Transferencia,Soporte Ventas,745.22
TRX-11736,2023-04-14,Vino Chardonnay,18,2961.28,CLI-1315,Salta,Transferencia,Juan Pérez,475.93
TRX-12138,2023-09-02,Cabernet Sauvignon,13,11925.0,CLI-865,Neuquén,Efectivo,Marta Gómez,1317.49
TRX-11697,2023-09-05,Syrah,7,3567.28,CLI-1008,San Juan,App Mobile,Soporte Ventas,534.44
TRX-10107,2023-09-05,Syrah,18,3154.29,CLI-1149,San Juan,,Ana García,842.33
TRX-10147,2023-11-25,Cabernet Sauvignon,20,5626.05,CLI-721,Mendoza,Tarjeta de Crédito,Marta Gómez,453.23
TRX-10949,2023-09-10,,1,7687.25,CLI-680,San Juan,,Marta Gómez,575.95
TRX-12422,2023-08-13,Vino Rosado,5,3025.01,CLI-1121,La Rioja,Tarjeta de Crédito,Soporte Ventas,689.46
TRX-10019,2024-02-13,Syrah,18,3065.64,CLI-1251,Mendoza,,Juan Pérez,1438.25
TRX-11391,2024-03-05,Cabernet Sauvignon,16,2194.99,CLI-1167,Catamarca,App Mobile,Luis Rodriguez,1231.64
TRX-11250,2023-03-02,Bonarda,4,8280.26,CLI-1072,Neuquén,Tarjeta de Crédito,Juan Pérez,996.04
TRX-11720,2023-05-30,Vino Chardonnay,15,9014.93,CLI-554,La Rioja,Tarjeta de Crédito,Luis Rodriguez,1425.31
TRX-10218,2023-09-13,Vino Malbec,18,5450.26,CLI-898,Salta,Efectivo,Marta Gómez,1206.03
TRX-11564,2023-09-17,Vino Chardonnay,21,1675.82,CLI-600,San Juan,Efectivo,Marta Gómez,1053.58
TRX-10438,2024-03-22,Cabernet Sauvignon,13,11729.83,CLI-917,San Juan,Transferencia,Luis Rodriguez,697.35
TRX-10938,2023-02-26,Bonarda,17,9252.17,CLI-1337,Neuquén,,Soporte Ventas,881.24
TRX-11181,2023-08-27,Vino Blend,13,4857.21,CLI-751,Catamarca,Tarjeta de Crédito,Marta Gómez,554.71
TRX-12486,2023-11-11,Cabernet Sauvignon,22,2188.96,CLI-987,La Rioja,Efectivo,Marta Gómez,507.39
TRX-10165,2023-08-17,Vino Malbec,4,6367.23,CLI-1405,San Juan,Efectivo,Marta Gómez,1311.37
TRX-10585,2023-11-20,Espumante,3,7999.58,CLI-767,Mendoza,Tarjeta de Crédito,Soporte Ventas,205.12
TRX-11771,2023-09-29,,21,8468.89,CLI-693,Mendoza,Transferencia,Juan Pérez,1352.41
TRX-10635,2023-07-03,Vino Malbec,7,10582.33,CLI-998,Salta,Efectivo,Juan Pérez,1414.21
TRX-10513,2023-10-25,Syrah,11,3568.12,CLI-1374,Mendoza,App Mobile,Juan Pérez,435.52
TRX-10207,2023-04-05,Cabernet Sauvignon,4,10929.73,CLI-692,Catamarca,Tarjeta de Crédito,Ana García,635.4
TRX-10802,2023-05-25,Cabernet Sauvignon,5,1576.8,CLI-1206,Catamarca,Tarjeta de Crédito,Ana García,769.29
TRX-10344,2023-03-03,Bonarda,5,2109.77,CLI-1102,Mendoza,Tarjeta de Crédito,Juan Pérez,543.91
TRX-12292,2024-02-25,Vino Malbec,2,6707.35,CLI-1297,Mendoza,Tarjeta de Crédito,Soporte Ventas,1293.62
TRX-10777,2024-01-11,Vino Blend,5,9527.91,CLI-866,La Rioja,Efectivo,Marta Gómez,885.69
TRX-11575,2023-01-25,,18,8069.09,CLI-1388,Salta,,Juan Pérez,556.17
TRX-10582,2023-03-14,Vino Malbec,19,9126.76,CLI-775,Catamarca,Efectivo,Soporte Ventas,1440.31
TRX-10203,2023-05-05,,23,4627.94,CLI-1001,Mendoza,App Mobile,Luis Rodriguez,851.95
TRX-10688,2023-11-18,Vino Chardonnay,24,5443.91,CLI-983,Neuquén,Transferencia,Marta Gómez,758.71
TRX-10730,2023-04-22,Bonarda,4,8908.69,CLI-769,La Rioja,,Luis Rodriguez,621.85
TRX-10944,2023-02-15,Syrah,21,5559.21,CLI-1461,San Juan,Tarjeta de Crédito,Juan Pérez,576.88
TRX-12313,2023-08-29,Bonarda,1,8442.09,CLI-622,Mendoza,,Ana García,966.65
TRX-12241,2023-12-25,Vino Rosado,17,11822.89,CLI-1394,La Rioja,Efectivo,Ana García,693.37
TRX-10473,2024-01-01,Vino Blend,11,2449.4,CLI-1002,Catamarca,Efectivo,Soporte Ventas,477.42
TRX-11668,2024-01-11,Vino Malbec,3,10791.2,CLI-596,Neuquén,Tarjeta de Crédito,Luis Rodriguez,631.93
TRX-10964,2023-04-27,Bonarda,9,7111.15,CLI-816,Catamarca,App Mobile,Luis Rodriguez,876.93
TRX-12346,2023-07-24,Vino Malbec,11,2808.64,CLI-1028,La Rioja,Transferencia,Luis Rodriguez,293.01
TRX-12015,2023-09-25,Cabernet Sauvignon,23,8450.66,CLI-1456,Mendoza,Transferencia,Marta Gómez,1076.07
TRX-12365,2023-07-05,Bonarda,6,1967.39,CLI-1398,Salta,Transferencia,Luis Rodriguez,1072.2
TRX-11499,2023-04-29,Vino Chardonnay,13,3495.1,CLI-1279,Neuquén,Efectivo,Marta Gómez,838.22
TRX-10569,2023-10-30,Bonarda,18,1812.06,CLI-1010,Mendoza,App Mobile,Ana García,624.16
TRX-10517,2023-02-01,Espumante,1,11549.34,CLI-1192,Mendoza,,Luis Rodriguez,926.61
TRX-11234,2023-02-07,Vino Chardonnay,18,7098.05,CLI-1373,San Juan,Efectivo,Ana García,420.89
TRX-11919,2023-11-04,Vino Malbec,18,5974.96,CLI-1357,Neuquén,Tarjeta de Crédito,Luis Rodriguez,471.18
TRX-12464,2023-03-05,Syrah,13,5601.09,CLI-557,San Juan,Transferencia,Luis Rodriguez,1454.85
TRX-10668,2023-06-19,Cabernet Sauvignon,7,8627.45,CLI-739,Salta,Efectivo,Marta Gómez,1008.21
TRX-11894,2023-01-01,Vino Chardonnay,3,2017.75,CLI-689,San Juan,,Soporte Ventas,840.5
TRX-11477,2023-05-11,Vino Rosado,24,8318.85,CLI-728,San Juan,Transferencia,Luis Rodriguez,466.09
TRX-10391,2023-12-11,Vino Chardonnay,17,10899.73,CLI-1004,Catamarca,Efectivo,Marta Gómez,869.35
TRX-11538,2024-02-23,Bonarda,16,5145.95,CLI-1365,Neuquén,App Mobile,Soporte Ventas,1163.63
TRX-11308,2023-09-20,Bonarda,10,10011.07,CLI-828,La Rioja,Efectivo,Soporte Ventas,603.65
TRX-11295,2024-01-15,Cabernet Sauvignon,22,2734.45,CLI-639,Catamarca,App Mobile,Marta Gómez,347.85
TRX-12421,2023-12-30,Espumante,8,6126.83,CLI-658,La Rioja,,Marta Gómez,461.78
TRX-12399,2023-06-12,Syrah,24,4173.95,CLI-683,San Juan,Efectivo,Ana García,803.28
TRX-10791,2024-02-14,Vino Blend,13,9558.75,CLI-1286,San Juan,Transferencia,Juan Pérez,987.97
TRX-10028,2024-01-09,Vino Blend,4,8211.1,CLI-793,Mendoza,Efectivo,Luis Rodriguez,355.04
TRX-11844,2023-10-04,Espumante,14,6321.59,CLI-1376,Catamarca,,Soporte Ventas,643.96
TRX-10759,2023-04-30,,3,8107.25,CLI-639,San Juan,Tarjeta de Crédito,Marta Gómez,1112.15
TRX-11421,2024-01-22,Bonarda,1,4808.22,CLI-1333,Mendoza,Efectivo,Juan Pérez,1425.45
TRX-12334,2023-05-28,Bonarda,12,8761.86,CLI-936,La Rioja,App Mobile,Soporte Ventas,1366.89
TRX-10127,2024-02-11,Vino Rosado,23,5133.24,CLI-868,Salta,Efectivo,Ana García,656.7
TRX-11626,2023-01-24,Vino Malbec,16,5962.57,CLI-1264,Mendoza,,Ana García,1110.3
TRX-11508,2023-06-05,Vino Malbec,7,4337.88,CLI-1226,Mendoza,Efectivo,Ana García,1121.18
TRX-12448,2023-04-15,Bonarda,8,10100.27,CLI-900,San Juan,Tarjeta de Crédito,Luis Rodriguez,484.27
TRX-10214,2023-08-08,Syrah,9,5967.76,CLI-1215,La Rioja,Tarjeta de Crédito,Luis Rodriguez,1014.95
TRX-10590,2024-03-22,Syrah,11,6002.33,CLI-771,Salta,Tarjeta de Crédito,Luis Rodriguez,1288.52
TRX-12379,2023-06-20,Espumante,14,4026.78,CLI-687,Neuquén,Transferencia,Juan Pérez,465.97
TRX-10693,2023-11-07,Vino Rosado,1,4665.61,CLI-597,San Juan,Efectivo,Ana García,1136.02
TRX-11174,2024-03-10,Vino Chardonnay,5,5067.13,CLI-1036,Mendoza,Transferencia,Soporte Ventas,386.08
TRX-11103,2023-09-09,Vino Blend,8,4817.74,CLI-1342,San Juan,Efectivo,Soporte Ventas,932.45
TRX-12248,2023-03-22,Espumante,24,11682.66,CLI-886,Neuquén,Transferencia,Luis Rodriguez,286.37
TRX-11052,2023-02-14,Vino Rosado,8,,CLI-555,San Juan,Efectivo,Luis Rodriguez,440.69
TRX-11614,2023-07-01,Bonarda,20,2472.38,CLI-1333,Neuquén,Transferencia,Ana García,516.3
TRX-10196,06/01/2024,Syrah,8,9572.16,CLI-672,Catamarca,,Ana García,824.24
TRX-11139,2024-03-02,Cabernet Sauvignon,16,7017.09,CLI-507,San Juan,Tarjeta de Crédito,Ana García,1406.0
TRX-12374,2023-12-28,Cabernet Sauvignon,2,3397.32,CLI-929,San Juan,Efectivo,Soporte Ventas,1061.56
TRX-11282,2023-12-21,Vino Chardonnay,18,1784.35,CLI-1416,Catamarca,,Marta Gómez,561.43
TRX-10887,2023-07-19,Espumante,10,7379.76,CLI-528,Catamarca,App Mobile,Luis Rodriguez,373.76
TRX-11414,2023-02-26,Syrah,18,4754.16,CLI-929,Neuquén,,Juan Pérez,1072.4
TRX-10845,2024-02-24,Bonarda,23,4279.54,CLI-1036,Mendoza,Efectivo,Soporte Ventas,860.62
TRX-10568,2024-01-21,Espumante,14,2408.71,CLI-1023,Neuquén,Tarjeta de Crédito,Soporte Ventas,224.25
TRX-11717,2023-04-11,Vino Chardonnay,2,4742.24,CLI-561,Mendoza,Tarjeta de Crédito,Soporte Ventas,917.92
TRX-11199,2023-09-13,Bonarda,23,9376.28,CLI-1352,Catamarca,App Mobile,Ana García,1166.06
TRX-10139,2024-01-30,Vino Blend,7,6236.4,CLI-1105,Catamarca,Tarjeta de Crédito,Luis Rodriguez,209.9
TRX-12495,2023-07-04,Bonarda,6,11115.13,CLI-614,San Juan,Transferencia,Soporte Ventas,375.62
TRX-11646,2023-10-04,Vino Blend,24,9385.77,CLI-1202,Salta,Transferencia,Ana García,862.18
TRX-12104,2024-02-16,Cabernet Sauvignon,14,10385.49,CLI-1024,Catamarca,App Mobile,Luis Rodriguez,1336.42
TRX-10463,2023-07-07,Vino Rosado,10,4220.48,CLI-1487,Salta,Tarjeta de Crédito,Ana García,306.33
TRX-12395,2023-02-17,Vino Rosado,7,1513.71,CLI-1174,San Juan,App Mobile,Marta Gómez,1022.33
TRX-10594,2023-07-16,Vino Malbec,16,4959.3,CLI-628,La Rioja,Transferencia,Juan Pérez,1048.94
TRX-12234,2023-05-24,Vino Chardonnay,3,7464.87,CLI-1186,Salta,Efectivo,Marta Gómez,1363.39
TRX-10450,2023-01-09,Cabernet Sauvignon,19,7577.45,CLI-1329,Mendoza,,Soporte Ventas,270.32
TRX-11757,2023-06-12,Cabernet Sauvignon,11,4453.99,CLI-1436,La Rioja,Tarjeta de Crédito,Soporte Ventas,343.37
TRX-11802,2023-11-25,Syrah,14,4991.7,CLI-700,Mendoza,Efectivo,Soporte Ventas,719.1
TRX-11654,2024-01-30,Syrah,22,1904.7,CLI-961,Salta,App Mobile,Marta Gómez,1125.08
TRX-11323,2023-04-16,Cabernet Sauvignon,3,10259.67,CLI-1068,Neuquén,,Luis Rodriguez,657.84
TRX-12354,2023-04-06,Vino Blend,22,7770.4,CLI-967,San Juan,App Mobile,Juan Pérez,1308.94
TRX-11436,2023-09-06,Cabernet Sauvignon,1,10999.72,CLI-1465,Catamarca,App Mobile,Juan Pérez,1359.85
TRX-11491,2023-04-26,,15,,CLI-1323,Neuquén,Transferencia,Luis Rodriguez,1427.81
TRX-10451,2023-11-16,Bonarda,20,2083.22,CLI-1346,Mendoza,Efectivo,Luis Rodriguez,1355.88
TRX-10890,2023-08-14,Vino Malbec,3,2649.65,CLI-880,La Rioja,,Juan Pérez,852.57
TRX-10715,2023-02-21,Syrah,10,8243.07,CLI-525,San Juan,Tarjeta de Crédito,Ana García,289.63
TRX-12305,2023-10-27,Vino Malbec,10,3614.62,CLI-1468,Mendoza,App Mobile,Ana García,472.94
TRX-10524,2023-04-19,Vino Rosado,1,9097.77,CLI-918,La Rioja,Efectivo,Soporte Ventas,569.56
TRX-10999,2024-01-14,Vino Malbec,10,9312.9,CLI-1007,Catamarca,Transferencia,Marta Gómez,572.58
TRX-11500,2023-12-13,Syrah,4,3005.74,CLI-719,Salta,Efectivo,Ana García,338.88
TRX-12050,2023-04-03,Vino Chardonnay,5,4736.59,CLI-959,Salta,Transferencia,Juan Pérez,719.65
TRX-10192,2023-01-01,Cabernet Sauvignon,19,3198.14,CLI-684,La Rioja,Tarjeta de Crédito,Juan Pérez,1336.44
TRX-10338,2023-12-20,Vino Blend,1,9447.82,CLI-1398,Catamarca,Tarjeta de Crédito,Soporte Ventas,1438.47
TRX-10992,2023-04-10,Vino Rosado,23,2600.49,CLI-1498,Mendoza,Transferencia,Juan Pérez,1088.4
TRX-11349,2023-06-05,Vino Blend,7,4716.54,CLI-532,Catamarca,Transferencia,Marta Gómez,1426.01
TRX-10901,2023-05-12,Vino Blend,5,3489.88,CLI-699,San Juan,Transferencia,Luis Rodriguez,1495.58
TRX-10924,2023-01-14,Vino Rosado,23,5818.41,CLI-850,Neuquén,Transferencia,Marta Gómez,1307.7
TRX-12081,31/07/2023,Vino Malbec,23,1878.77,CLI-1205,Salta,Transferencia,Marta Gómez,1296.22
TRX-10758,2023-03-30,Vino Blend,10,3448.48,CLI-653,Catamarca,Tarjeta de Crédito,Marta Gómez,572.32
TRX-12032,2023-02-08,Cabernet Sauvignon,6,10857.12,CLI-1311,Mendoza,Transferencia,Juan Pérez,640.58
TRX-11764,2024-03-09,Vino Chardonnay,22,10185.1,CLI-663,Catamarca,App Mobile,Ana García,1485.69
TRX-10825,2023-11-07,Vino Malbec,22,4268.41,CLI-500,San Juan,Tarjeta de Crédito,Marta Gómez,293.98
TRX-10077,2024-01-03,Vino Chardonnay,12,,CLI-611,Catamarca,App Mobile,Marta Gómez,1093.33
TRX-11423,2023-11-28,Syrah,8,7948.23,CLI-931,San Juan,Transferencia,Soporte Ventas,866.92
TRX-10042,2023-07-07,Vino Rosado,23,9278.05,CLI-1138,San Juan,,Ana García,421.76
TRX-10850,2023-04-12,Vino Chardonnay,19,2212.3,CLI-1355,Catamarca,,Juan Pérez,223.21
TRX-12018,2023-03-27,Vino Rosado,17,3876.06,CLI-1219,Catamarca,Efectivo,Soporte Ventas,449.0
TRX-11685,2023-01-13,Vino Rosado,7,11649.67,CLI-681,Catamarca,Efectivo,Marta Gómez,1017.47
TRX-10962,2023-06-25,Espumante,17,11286.37,CLI-1406,San Juan,Tarjeta de Crédito,Soporte Ventas,605.49
TRX-10064,2024-02-21,Vino Blend,16,9962.09,CLI-700,Catamarca,App Mobile,Soporte Ventas,990.54
TRX-10191,2023-03-03,Espumante,3,11036.47,CLI-1379,La Rioja,,Marta Gómez,833.4
TRX-11543,2024-02-14,Vino Chardonnay,16,5425.78,CLI-1051,Salta,Transferencia,Soporte Ventas,201.87
TRX-11773,2023-11-03,Cabernet Sauvignon,20,8565.89,CLI-927,San Juan,Transferencia,Luis Rodriguez,1097.27
TRX-12057,2023-06-16,Vino Malbec,12,1710.85,CLI-1229,San Juan,,Ana García,521.1
TRX-10560,2023-03-29,Cabernet Sauvignon,21,9275.56,CLI-1164,La Rioja,Transferencia,Ana García,945.2
TRX-11835,2024-02-06,Vino Rosado,9,,CLI-575,Mendoza,,Ana García,1311.1
TRX-11797,2023-11-01,Vino Malbec,21,2102.21,CLI-1315,Catamarca,,Juan Pérez,1453.37
TRX-12303,2023-07-26,Vino Malbec,10,11165.15,CLI-1488,La Rioja,Transferencia,Luis Rodriguez,544.69
TRX-11876,2023-04-01,Espumante,13,7244.44,CLI-1420,La Rioja,Tarjeta de Crédito,Luis Rodriguez,423.64
TRX-10476,2023-12-30,Vino Chardonnay,24,10742.97,CLI-871,Neuquén,App Mobile,Soporte Ventas,700.38
TRX-11770,2023-02-28,Bonarda,24,1978.45,CLI-699,Salta,Efectivo,Ana García,222.95
TRX-10762,2023-12-01,Bonarda,22,11559.46,CLI-901,San Juan,Transferencia,Soporte Ventas,1362.02
TRX-10312,21/03/2024,Vino Chardonnay,16,9074.8,CLI-1497,Neuquén,App Mobile,Marta Gómez,1284.49
TRX-11729,2023-10-17,Syrah,2,6794.29,CLI-1486,Neuquén,,Juan Pérez,246.17
TRX-10166,2023-09-21,Cabernet Sauvignon,11,9171.82,CLI-1072,Neuquén,Transferencia,Soporte Ventas,248.54
TRX-11676,2023-04-07,Syrah,23,4756.14,CLI-1315,Catamarca,Transferencia,Ana García,888.28
TRX-11322,2023-11-17,Espumante,9,5678.99,CLI-1351,Catamarca,,Juan Pérez,462.98
TRX-11024,2023-03-22,Vino Malbec,12,2579.37,CLI-1053,Salta,,Soporte Ventas,1187.49
TRX-12013,2023-09-03,Vino Malbec,3,6581.61,CLI-1206,San Juan,Transferencia,Soporte Ventas,1134.77
TRX-12310,2023-06-10,Vino Malbec,16,11627.57,CLI-1482,Mendoza,Transferencia,Marta Gómez,361.22
TRX-11516,2023-06-19,Espumante,1,9893.09,CLI-822,Salta,,Ana García,317.18
TRX-11922,2024-03-20,Vino Blend,1,10311.54,CLI-559,La Rioja,Transferencia,Luis Rodriguez,209.43
TRX-12491,2023-04-16,Vino Blend,3,3876.62,CLI-723,Mendoza,App Mobile,Luis Rodriguez,609.83
TRX-11129,2023-07-01,Bonarda,24,8263.03,CLI-1196,La Rioja,Tarjeta de Crédito,Luis Rodriguez,896.5
TRX-10916,2023-12-16,,20,10024.6,CLI-1148,Neuquén,Efectivo,Marta Gómez,487.56
TRX-10152,2023-08-15,Cabernet Sauvignon,9,10746.86,CLI-1428,Mendoza,,Soporte Ventas,285.52
TRX-10435,2023-11-12,Cabernet Sauvignon,6,7316.16,CLI-1321,San Juan,App Mobile,Luis Rodriguez,710.63
TRX-10784,2023-04-07,Vino Blend,4,2155.64,CLI-745,La Rioja,Transferencia,Juan Pérez,1467.14
TRX-12294,2023-01-13,Espumante,3,6126.43,CLI-1033,Salta,,Juan Pérez,473.18
TRX-11546,2023-08-26,Vino Chardonnay,16,3218.23,CLI-1050,Neuquén,App Mobile,Soporte Ventas,262.52
TRX-11839,2023-12-23,Vino Rosado,5,4120.36,CLI-897,Salta,App Mobile,Juan Pérez,539.74
TRX-11699,2023-03-02,Espumante,1,6918.48,CLI-1013,Catamarca,Transferencia,Juan Pérez,438.57
TRX-10520,2023-07-27,Cabernet Sauvignon,3,7847.14,CLI-690,Salta,Tarjeta de Crédito,Soporte Ventas,1412.33
TRX-11973,2024-02-29,Vino Rosado,22,3746.23,CLI-1139,Salta,Transferencia,Ana García,1206.05
TRX-10766,2023-07-20,Vino Chardonnay,10,11665.86,CLI-1369,Salta,Transferencia,Juan Pérez,1103.21
TRX-11433,2023-08-15,Espumante,13,2096.43,CLI-1103,Catamarca,App Mobile,Ana García,1460.33
TRX-11650,2023-11-28,Vino Malbec,11,5704.87,CLI-775,Catamarca,Transferencia,Marta Gómez,1345.49
TRX-10031,2023-11-06,Bonarda,6,2481.94,CLI-823,Catamarca,Efectivo,Soporte Ventas,629.14
TRX-10937,2024-02-03,Bonarda,7,11021.42,CLI-1180,Salta,App Mobile,Soporte Ventas,665.5
TRX-11280,2023-08-10,Syrah,21,4098.71,CLI-688,Neuquén,App Mobile,Marta Gómez,746.61
TRX-12043,2023-02-26,Vino Malbec,11,3412.02,CLI-791,La Rioja,Efectivo,Ana García,917.93
TRX-11190,2024-01-25,Vino Malbec,3,3470.81,CLI-1363,Salta,Efectivo,Soporte Ventas,1166.98
TRX-10309,2023-10-16,Vino Malbec,4,,CLI-882,Neuquén,Tarjeta de Crédito,Ana García,421.26
TRX-12436,2023-10-24,Vino Rosado,10,8778.67,CLI-533,Mendoza,Efectivo,Juan Pérez,1028.86
TRX-11526,2023-03-03,Espumante,21,2135.95,CLI-1075,San Juan,Transferencia,Juan Pérez,684.5
TRX-10503,2023-03-13,Vino Rosado,17,2453.89,CLI-1159,La Rioja,Tarjeta de Crédito,Luis Rodriguez,689.64
TRX-12401,2023-03-11,Vino Rosado,8,4955.81,CLI-1221,Salta,App Mobile,Marta Gómez,335.41
TRX-10495,2023-08-27,Espumante,6,2401.16,CLI-1382,Catamarca,Tarjeta de Crédito,Luis Rodriguez,1016.25
TRX-10205,2023-01-31,Bonarda,24,1512.1,CLI-1264,Neuquén,App Mobile,Luis Rodriguez,603.58
TRX-10536,2023-01-26,Syrah,9,5026.34,CLI-1225,La Rioja,Efectivo,Marta Gómez,942.66
TRX-10868,2024-03-18,Vino Chardonnay,15,1932.61,CLI-664,Mendoza,Transferencia,Juan Pérez,379.32
TRX-10701,2023-11-01,Bonarda,18,11136.32,CLI-776,San Juan,Efectivo,Juan Pérez,796.63
TRX-10305,29/01/2023,Vino Blend,22,6243.71,CLI-1193,La Rioja,,Marta Gómez,468.47
TRX-10750,2023-12-19,Syrah,9,7288.28,CLI-1432,La Rioja,App Mobile,Ana García,1493.2
TRX-12317,2023-10-07,Bonarda,10,9949.04,CLI-1370,Neuquén,Transferencia,Marta Gómez,429.99
TRX-11061,2023-02-12,Vino Rosado,1,5031.11,CLI-937,La Rioja,Efectivo,Juan Pérez,1198.76
TRX-10843,2023-10-13,Bonarda,17,9338.38,CLI-1421,Salta,Efectivo,Ana García,1051.92
TRX-10341,2023-05-15,Vino Blend,21,7592.33,CLI-1289,Salta,App Mobile,Marta Gómez,1119.48
TRX-12315,2024-01-27,Vino Malbec,21,2386.32,CLI-848,Neuquén,App Mobile,Ana García,560.91
TRX-10211,2023-09-25,Vino Chardonnay,18,4906.13,CLI-818,San Juan,Tarjeta de Crédito,Ana García,453.38
TRX-11108,2023-08-25,Vino Blend,20,7082.34,CLI-1297,Neuquén,Tarjeta de Crédito,Juan Pérez,630.44
TRX-10390,2023-06-12,Vino Chardonnay,10,8080.86,CLI-1492,Catamarca,Efectivo,Ana García,754.03
TRX-10679,2023-02-26,Vino Malbec,18,7323.8,CLI-608,Mendoza,Efectivo,Ana García,574.81
TRX-10565,2023-02-21,Syrah,7,11481.61,CLI-512,Mendoza,Transferencia,Juan Pérez,500.06
TRX-11285,2023-02-15,Syrah,12,2473.02,CLI-1263,Salta,Tarjeta de Crédito,Luis Rodriguez,1446.56
TRX-10824,2024-02-01,Vino Malbec,18,4402.93,CLI-898,Catamarca,Efectivo,Marta Gómez,1345.99
TRX-10680,2023-12-16,Bonarda,19,3771.57,CLI-1173,San Juan,Transferencia,Ana García,830.55
TRX-10180,2023-02-20,Vino Malbec,12,6322.71,CLI-852,Neuquén,Tarjeta de Crédito,Marta Gómez,1317.53
TRX-10253,2024-02-15,Vino Chardonnay,5,,CLI-1400,Salta,Tarjeta de Crédito,Marta Gómez,926.19
TRX-11281,2023-08-28,Cabernet Sauvignon,2,11972.1,CLI-1039,Mendoza,Tarjeta de Crédito,Soporte Ventas,1279.98
TRX-12381,2023-08-10,Vino Rosado,17,,CLI-1414,Mendoza,,Ana García,416.63
TRX-10876,2023-10-03,Vino Blend,3,3212.56,CLI-920,Mendoza,,Ana García,960.59
TRX-10278,2024-02-17,Espumante,16,6946.84,CLI-778,San Juan,App Mobile,Soporte Ventas,866.5
TRX-11425,2023-01-02,Vino Rosado,2,8492.99,CLI-620,Catamarca,Efectivo,Ana García,1459.28
TRX-11822,2023-11-27,Vino Chardonnay,1,8968.6,CLI-961,Mendoza,Tarjeta de Crédito,Juan Pérez,609.21
TRX-10432,2024-03-18,Syrah,5,8542.85,CLI-1473,San Juan,App Mobile,Soporte Ventas,617.86
TRX-10289,2023-02-12,Syrah,4,,CLI-802,La Rioja,App Mobile,Soporte Ventas,536.03
TRX-11027,2023-07-31,Vino Malbec,6,10915.72,CLI-1419,San Juan,Transferencia,Luis Rodriguez,237.83
TRX-10535,2024-03-07,Vino Blend,5,4407.78,CLI-1107,La Rioja,,Juan Pérez,1493.2
TRX-10993,2023-05-04,Vino Chardonnay,9,11919.63,CLI-1170,Salta,,Luis Rodriguez,607.53
TRX-10188,2023-07-24,Cabernet Sauvignon,19,9060.14,CLI-1276,San Juan,Transferencia,Soporte Ventas,782.2
TRX-12235,24/02/2024,Cabernet Sauvignon,10,8204.54,CLI-1009,Neuquén,Efectivo,Ana García,672.82
TRX-10706,2023-08-15,Vino Blend,12,5373.83,CLI-967,La Rioja,Tarjeta de Crédito,Luis Rodriguez,715.45
TRX-11240,2023-03-04,Vino Malbec,2,3035.46,CLI-1356,Neuquén,Tarjeta de Crédito,Luis Rodriguez,581.56
TRX-10270,2023-07-11,Vino Malbec,12,6715.88,CLI-1206,Catamarca,Transferencia,Ana García,1264.22
TRX-11742,2023-06-16,Vino Blend,10,5782.5,CLI-1243,La Rioja,App Mobile,Ana García,1184.62
TRX-10474,2023-05-30,Espumante,10,3938.71,CLI-1257,Salta,Transferencia,Luis Rodriguez,493.3
TRX-12218,2023-06-10,Vino Rosado,11,3940.49,CLI-1050,San Juan,Efectivo,Juan Pérez,1165.14
TRX-10614,2023-10-09,Vino Rosado,7,3526.89,CLI-1144,Salta,Transferencia,Luis Rodriguez,768.32
TRX-10111,2023-10-14,Bonarda,18,11531.48,CLI-1166,Mendoza,Efectivo,Juan Pérez,804.18
TRX-12005,2023-05-27,Vino Blend,23,1974.26,CLI-529,La Rioja,,Soporte Ventas,687.9
TRX-10220,2023-05-19,Bonarda,7,1633.89,CLI-1079,Mendoza,Transferencia,Luis Rodriguez,582.05
TRX-12058,2023-09-21,Espumante,18,8078.74,CLI-1319,Neuquén,Efectivo,Juan Pérez,902.53
TRX-10627,2024-03-10,Vino Malbec,18,2562.58,CLI-1491,Catamarca,Transferencia,Juan Pérez,1105.93
TRX-11936,2023-04-22,Espumante,5,1703.74,CLI-750,Catamarca,,Soporte Ventas,697.93
TRX-10083,2023-03-23,Vino Chardonnay,17,4413.79,CLI-1457,La Rioja,Tarjeta de Crédito,Ana García,583.35
TRX-12488,2023-02-08,Espumante,8,9423.51,CLI-687,San Juan,,Ana García,737.5
TRX-10790,2023-07-28,Vino Blend,21,10465.42,CLI-1313,Neuquén,App Mobile,Soporte Ventas,445.28
TRX-12067,2023-11-01,Vino Chardonnay,10,9128.27,CLI-1269,San Juan,App Mobile,Luis Rodriguez,1336.37
TRX-10461,2023-11-14,Syrah,24,10799.26,CLI-1405,Salta,App Mobile,Marta Gómez,1229.7
TRX-10404,2023-02-09,Cabernet Sauvignon,22,10642.14,CLI-1208,Catamarca,Efectivo,Soporte Ventas,651.19
TRX-10551,2023-03-13,Vino Blend,9,3637.68,CLI-850,San Juan,Efectivo,Luis Rodriguez,1397.28
TRX-11532,2023-01-25,Cabernet Sauvignon,14,10312.76,CLI-1059,La Rioja,App Mobile,Ana García,220.08
TRX-11218,2024-01-07,Vino Chardonnay,18,9771.22,CLI-904,Catamarca,Efectivo,Juan Pérez,623.79
TRX-10198,2024-03-06,Cabernet Sauvignon,1,7751.17,CLI-847,Neuquén,Efectivo,Luis Rodriguez,702.36
TRX-10699,2024-02-25,Cabernet Sauvignon,10,9527.56,CLI-1344,Catamarca,Efectivo,Luis Rodriguez,435.03
TRX-12484,2024-03-10,Vino Chardonnay,9,4380.01,CLI-754,Catamarca,Tarjeta de Crédito,Ana García,799.09
TRX-10402,2023-06-14,,21,9478.51,CLI-931,Salta,App Mobile,Ana García,1137.93
TRX-10281,2023-04-05,Bonarda,11,6301.79,CLI-1340,La Rioja,Tarjeta de Crédito,Soporte Ventas,1167.43
TRX-11992,2024-01-09,Cabernet Sauvignon,24,8107.77,CLI-1255,Catamarca,App Mobile,Luis Rodriguez,987.11
TRX-10098,14/06/2023,Syrah,6,2585.25,CLI-1325,Neuquén,App Mobile,Ana García,1271.31
TRX-12092,2023-02-09,Bonarda,22,6098.7,CLI-1110,Neuquén,Transferencia,Luis Rodriguez,1439.39
TRX-11772,2024-02-07,,8,8274.24,CLI-731,Mendoza,Transferencia,Soporte Ventas,1353.75
TRX-10823,2023-04-02,Vino Malbec,24,7562.59,CLI-522,Catamarca,,Ana García,1175.75
TRX-10650,2023-06-01,Vino Malbec,3,8253.86,CLI-653,Catamarca,Efectivo,Juan Pérez,272.97
TRX-10708,2024-03-03,Espumante,16,8499.22,CLI-1364,Neuquén,App Mobile,Marta Gómez,500.17
TRX-11557,2024-02-14,Vino Blend,22,2708.85,CLI-955,Salta,Tarjeta de Crédito,Ana García,972.51
TRX-11015,2023-01-28,Bonarda,19,9713.83,CLI-1171,La Rioja,App Mobile,Marta Gómez,1413.68
TRX-11514,2023-09-13,Cabernet Sauvignon,17,6310.46,CLI-724,Salta,Efectivo,Luis Rodriguez,1273.06
TRX-12226,2023-02-16,Vino Malbec,21,10033.34,CLI-638,Mendoza,,Ana García,1396.19
TRX-11865,2024-01-22,Vino Malbec,23,6974.55,CLI-941,Salta,Transferencia,Soporte Ventas,500.26
TRX-10314,2023-09-09,Cabernet Sauvignon,13,3275.09,CLI-875,San Juan,,Luis Rodriguez,1110.08
TRX-11311,2023-09-27,Vino Blend,10,6585.36,CLI-658,Salta,Tarjeta de Crédito,Marta Gómez,535.49
TRX-11081,2023-03-11,Cabernet Sauvignon,19,11175.64,CLI-1279,Mendoza,Tarjeta de Crédito,Juan Pérez,1346.7
TRX-10113,2024-01-20,Espumante,21,3163.16,CLI-1024,MENDOZA,Efectivo,Marta Gómez,727.34
TRX-10960,2023-05-22,Cabernet Sauvignon,21,6608.27,CLI-1342,San Juan,,Juan Pérez,388.28
TRX-10323,2023-11-14,Syrah,21,7131.54,CLI-1248,Neuquén,Tarjeta de Crédito,Marta Gómez,1467.11
TRX-12321,2023-11-04,Vino Blend,9,8359.58,CLI-1010,La Rioja,,Luis Rodriguez,749.54
TRX-11871,2023-09-11,Syrah,23,1997.52,CLI-1346,San Juan,,Ana García,547.25
TRX-10692,2023-10-10,Cabernet Sauvignon,3,10460.03,CLI-1136,Mendoza,Tarjeta de Crédito,Ana García,289.93
TRX-10860,2024-03-16,Vino Blend,21,9179.09,CLI-790,Salta,Tarjeta de Crédito,Juan Pérez,351.93
TRX-12402,2024-02-12,Vino Malbec,2,5642.02,CLI-1303,La Rioja,,Marta Gómez,1135.68
TRX-10684,2024-03-26,Vino Malbec,9,,CLI-608,La Rioja,Efectivo,Marta Gómez,1355.26
TRX-11270,2024-03-15,Vino Rosado,15,5194.4,CLI-505,Mendoza,Transferencia,Soporte Ventas,1343.55
TRX-11040,2023-08-14,Vino Rosado,11,8441.25,CLI-880,Mendoza,Tarjeta de Crédito,Ana García,853.75
TRX-10717,2023-04-01,Vino Rosado,22,2534.88,CLI-517,La Rioja,Transferencia,Juan Pérez,414.04
TRX-11912,2023-02-14,Vino Malbec,15,,CLI-845,Catamarca,Tarjeta de Crédito,Ana García,213.16
TRX-12024,2023-06-06,Bonarda,4,9711.48,CLI-563,San Juan,Transferencia,Marta Gómez,1307.21
TRX-11339,2023-10-19,Cabernet Sauvignon,24,,CLI-1363,Mendoza,,Ana García,1330.01
TRX-10326,2024-03-19,Vino Malbec,22,6349.26,CLI-995,San Juan,Efectivo,Luis Rodriguez,1335.42
TRX-10604,2024-01-20,Espumante,8,11212.87,CLI-745,Salta,,Ana García,384.76
TRX-10600,2023-09-16,Cabernet Sauvignon,15,8499.45,CLI-1422,San Juan,Efectivo,Luis Rodriguez,1122.57
TRX-10128,2023-04-25,Syrah,9,11361.5,CLI-961,Mendoza,App Mobile,Marta Gómez,501.56
TRX-10545,2023-06-04,,12,9187.44,CLI-1083,Catamarca,App Mobile,Marta Gómez,382.88
TRX-11913,2023-05-18,Bonarda,23,11658.58,CLI-1312,Salta,Transferencia,Juan Pérez,942.62
TRX-11394,2023-10-24,Espumante,5,8399.89,CLI-1458,Salta,Efectivo,Soporte Ventas,631.71
TRX-10009,2023-07-07,Syrah,4,11720.83,CLI-874,Catamarca,,Soporte Ventas,746.16
TRX-11434,2023-12-10,Bonarda,5,7103.67,CLI-1066,San Juan,,Juan Pérez,717.4
TRX-10348,2023-03-04,Cabernet Sauvignon,15,10725.25,CLI-1090,San Juan,Efectivo,Soporte Ventas,743.44
TRX-11631,2024-02-11,Vino Blend,20,3430.86,CLI-861,Neuquén,Tarjeta de Crédito,Luis Rodriguez,758.91
TRX-11803,2023-01-24,Bonarda,16,8842.19,CLI-639,La Rioja,,Juan Pérez,1260.21
TRX-12187,2023-05-17,,18,11917.97,CLI-1479,San Juan,App Mobile,Ana García,1452.06
TRX-10789,2023-10-11,Vino Rosado,1,6724.5,CLI-1250,La Rioja,Efectivo,Ana García,1215.79
TRX-12329,2023-05-15,Vino Chardonnay,15,8207.93,CLI-1143,San Juan,,Soporte Ventas,1203.3
TRX-12477,2024-02-22,Vino Chardonnay,15,10669.64,CLI-583,Catamarca,Efectivo,Marta Gómez,283.83
TRX-11609,2023-10-21,Cabernet Sauvignon,20,6252.45,CLI-1363,Mendoza,App Mobile,Luis Rodriguez,1293.86
TRX-10871,2023-04-27,Espumante,17,5572.62,CLI-596,Neuquén,App Mobile,Marta Gómez,1040.16
TRX-11788,2023-07-11,Vino Rosado,3,4372.0,CLI-634,La Rioja,,Marta Gómez,632.86
TRX-11396,2023-04-05,Bonarda,5,4355.25,CLI-982,Catamarca,App Mobile,Ana García,1472.5
TRX-11389,2023-10-14,Vino Blend,1,2597.06,CLI-677,La Rioja,App Mobile,Soporte Ventas,463.02
TRX-10073,2023-09-30,Cabernet Sauvignon,20,6416.35,CLI-1420,La Rioja,Tarjeta de Crédito,Luis Rodriguez,1313.47
TRX-12035,2023-07-22,Vino Malbec,16,10101.87,CLI-551,Neuquén,Transferencia,Marta Gómez,852.71
TRX-12094,2023-04-21,Vino Rosado,12,6714.18,CLI-964,Salta,App Mobile,Marta Gómez,327.47
TRX-11816,2023-10-03,Vino Rosado,7,8089.16,CLI-1122,San Juan,Efectivo,Juan Pérez,319.7
TRX-10085,2023-02-22,Cabernet Sauvignon,20,7739.65,CLI-1412,San Juan,Tarjeta de Crédito,Ana García,686.32
TRX-12045,2023-03-28,Cabernet Sauvignon,11,3663.54,CLI-1018,Mendoza,,Ana García,904.41
TRX-10753,2023-06-20,Syrah,24,4768.94,CLI-586,Catamarca,Transferencia,Ana García,1151.82
TRX-10186,2024-02-26,Vino Rosado,5,4105.97,CLI-1458,Salta,Tarjeta de Crédito,Luis Rodriguez,248.9
TRX-12375,2023-10-27,Syrah,10,7102.5,CLI-697,Catamarca,Efectivo,Ana García,1249.94
TRX-11062,2023-05-10,Vino Malbec,14,4662.44,CLI-1237,San Juan,Efectivo,Juan Pérez,880.69
TRX-11818,2023-04-12,Vino Chardonnay,7,9392.0,CLI-846,Catamarca,,Luis Rodriguez,1094.02
TRX-10494,2023-08-15,Bonarda,22,8761.24,CLI-640,Salta,Transferencia,Luis Rodriguez,1394.39
TRX-10477,2023-01-16,Cabernet Sauvignon,20,11104.91,CLI-1418,Catamarca,App Mobile,Ana García,1383.04
TRX-12251,2023-09-11,Bonarda,19,10976.89,CLI-1000,Neuquén,Tarjeta de Crédito,Juan Pérez,710.35
TRX-11331,2024-01-15,Bonarda,2,2791.24,CLI-1186,Mendoza,,Ana García,206.46
TRX-11164,2023-07-30,Vino Chardonnay,13,10607.44,CLI-652,La Rioja,Transferencia,Ana García,849.56
TRX-11925,2024-03-07,Bonarda,9,5801.84,CLI-1277,Catamarca,App Mobile,Ana García,1005.89
TRX-11824,2023-05-04,Vino Chardonnay,9,6957.35,CLI-759,San Juan,Efectivo,Juan Pérez,1008.3
TRX-11571,2023-12-08,Bonarda,14,4058.39,CLI-618,Neuquén,Tarjeta de Crédito,Marta Gómez,552.59
TRX-12240,08/07/2023,Syrah,7,11787.35,CLI-535,San Juan,App Mobile,Ana García,1204.69
TRX-12391,2023-01-14,Vino Malbec,13,9819.35,CLI-1176,Salta,Tarjeta de Crédito,Ana García,872.48
TRX-10618,2023-05-11,Vino Chardonnay,4,4737.98,CLI-998,Neuquén,Efectivo,Ana García,917.18
TRX-12093,2023-07-24,Cabernet Sauvignon,9,6646.48,CLI-570,Salta,Efectivo,Ana García,1163.15
TRX-11779,2023-08-04,Vino Blend,11,11859.56,CLI-916,San Juan,Efectivo,Marta Gómez,604.65
TRX-12367,2023-10-21,Vino Chardonnay,24,8815.56,CLI-1016,Catamarca,Efectivo,Ana García,250.98
TRX-11888,2023-07-01,Cabernet Sauvignon,20,3317.92,CLI-1430,Salta,Tarjeta de Crédito,Soporte Ventas,1398.14
TRX-12133,2023-05-26,Cabernet Sauvignon,23,2269.15,CLI-1286,Neuquén,Transferencia,Luis Rodriguez,969.03
TRX-10885,2023-03-30,Espumante,2,8360.07,CLI-879,Catamarca,Efectivo,Juan Pérez,398.66
TRX-10869,2023-12-14,Bonarda,13,5674.62,CLI-635,San Juan,,Luis Rodriguez,956.18
TRX-10310,2023-10-10,Syrah,5,3063.62,CLI-917,Salta,Tarjeta de Crédito,Marta Gómez,439.07
TRX-11042,2023-12-16,Vino Blend,6,11711.57,CLI-664,Mendoza,Transferencia,Soporte Ventas,1267.36
TRX-10402,2023-06-14,Cabernet Sauvignon,21,9478.51,CLI-931,Salta,App Mobile,Ana García,1137.93
TRX-10356,2023-10-09,,2,8917.16,CLI-509,Neuquén,,Marta Gómez,1020.61
TRX-11162,2023-04-23,Vino Malbec,21,1833.97,CLI-861,San Juan,Tarjeta de Crédito,Luis Rodriguez,1155.97
TRX-11016,2023-09-13,Vino Chardonnay,1,4179.24,CLI-1028,Catamarca,App Mobile,Soporte Ventas,503.19
TRX-11297,2024-01-19,Vino Rosado,11,7553.4,CLI-1049,Neuquén,,Ana García,845.06
TRX-11333,2024-02-14,Espumante,1,2990.23,CLI-715,La Rioja,App Mobile,Juan Pérez,743.35
TRX-11630,2023-01-15,Vino Blend,17,5916.54,CLI-934,San Juan,Transferencia,Ana García,467.75
TRX-11860,2023-06-06,Vino Malbec,12,9796.64,CLI-1304,Salta,Tarjeta de Crédito,Ana García,877.3
TRX-11419,2023-03-02,Vino Blend,3,11728.44,CLI-1370,San Juan,Tarjeta de Crédito,Marta Gómez,1054.8
TRX-10579,2023-02-23,Cabernet Sauvignon,7,4721.46,CLI-1101,La Rioja,App Mobile,Juan Pérez,1495.4
TRX-10271,2024-01-15,Vino Chardonnay,1,4931.85,CLI-788,Salta,,Marta Gómez,651.91
TRX-11321,2023-06-03,Vino Malbec,10,10467.06,CLI-1380,Neuquén,App Mobile,Juan Pérez,739.03
TRX-10049,2023-11-29,Vino Malbec,8,8102.67,CLI-1074,San Juan,App Mobile,Luis Rodriguez,1031.3
TRX-10332,2023-04-02,Syrah,17,8603.92,CLI-884,Catamarca,App Mobile,Marta Gómez,567.65
TRX-12358,2023-07-22,Espumante,4,9592.24,CLI-912,San Juan,,Ana García,1101.61
TRX-11184,2023-02-27,Syrah,13,9652.06,CLI-827,Mendoza,App Mobile,Marta Gómez,643.38
TRX-10923,2023-05-18,Espumante,8,11693.5,CLI-509,Salta,App Mobile,Marta Gómez,1006.15
TRX-11258,2024-03-15,Bonarda,24,8411.99,CLI-1270,Catamarca,,Ana García,831.71
TRX-10492,2023-10-10,Bonarda,19,8722.31,CLI-872,Neuquén,,Soporte Ventas,1350.35
TRX-12342,2023-01-03,Vino Blend,5,6489.68,CLI-594,Salta,Transferencia,Soporte Ventas,353.12
TRX-11116,2023-02-25,Vino Malbec,21,11773.4,CLI-1000,La Rioja,,Luis Rodriguez,1148.23
TRX-11951,2023-08-05,Vino Chardonnay,4,4179.25,CLI-1101,Salta,Tarjeta de Crédito,Juan Pérez,1346.73
TRX-10002,2023-02-09,Vino Chardonnay,20,8194.61,CLI-744,Mendoza,,Luis Rodriguez,567.18
TRX-11246,2023-07-19,Vino Chardonnay,18,9103.68,CLI-1078,San Juan,App Mobile,Marta Gómez,450.26
TRX-11822,2023-11-27,Vino Chardonnay,1,8968.6,CLI-961,Mendoza,Tarjeta de Crédito,Juan Pérez,609.21
TRX-10713,2023-07-18,Vino Chardonnay,11,9339.62,CLI-612,La Rioja,Tarjeta de Crédito,Ana García,526.34
TRX-11446,2023-11-23,Vino Chardonnay,8,2460.93,CLI-1468,Catamarca,,Ana García,438.39
TRX-10445,2023-03-25,Vino Chardonnay,14,11907.69,CLI-1057,La Rioja,Transferencia,Luis Rodriguez,680.51
TRX-12309,2023-10-24,Espumante,16,3228.4,CLI-1459,Salta,,Soporte Ventas,1360.93
TRX-10452,2023-09-15,Bonarda,22,5956.24,CLI-1255,Mendoza,,Juan Pérez,1230.5
TRX-11634,2023-03-17,Espumante,15,9767.86,CLI-972,Neuquén,Transferencia,Luis Rodriguez,1190.57
TRX-11145,2023-05-03,Syrah,19,6278.09,CLI-1459,San Juan,Transferencia,Marta Gómez,919.36
TRX-10735,2023-09-03,Vino Blend,12,1673.03,CLI-1299,Neuquén,Transferencia,Luis Rodriguez,930.98
TRX-10014,2023-11-07,Espumante,19,11311.96,CLI-1354,Mendoza,Tarjeta de Crédito,Ana García,470.26
TRX-10421,2023-05-03,Bonarda,4,5290.46,CLI-1480,Neuquén,Efectivo,Juan Pérez,1454.18
TRX-10945,2023-02-26,Cabernet Sauvignon,7,4357.4,CLI-1115,La Rioja,Tarjeta de Crédito,Luis Rodriguez,855.89
TRX-10247,2024-02-22,Cabernet Sauvignon,24,,CLI-625,La Rioja,Transferencia,Luis Rodriguez,309.51
TRX-10458,2023-12-07,Bonarda,3,9271.62,CLI-1249,Salta,Efectivo,Soporte Ventas,1075.7
TRX-10360,2023-02-05,Vino Malbec,24,,CLI-906,La Rioja,App Mobile,Luis Rodriguez,1022.68
TRX-10004,2024-01-15,Vino Rosado,12,3368.69,CLI-737,Salta,Tarjeta de Crédito,Soporte Ventas,1325.29
TRX-11622,2023-08-14,Vino Chardonnay,16,4489.52,CLI-1109,San Juan,Transferencia,Juan Pérez,554.41
TRX-11265,2023-05-31,Vino Blend,18,10656.59,CLI-512,La Rioja,Transferencia,Juan Pérez,620.46
TRX-12368,2024-01-09,Vino Blend,9,11529.76,CLI-1046,Catamarca,Tarjeta de Crédito,Luis Rodriguez,547.36
TRX-11354,2024-03-17,Espumante,10,11832.66,CLI-1387,Neuquén,,Soporte Ventas,925.42
TRX-10158,2024-03-06,Vino Blend,23,10717.9,CLI-1424,Salta,,Luis Rodriguez,690.33
TRX-11843,2023-03-24,Vino Blend,14,3408.36,CLI-559,San Juan,Efectivo,Ana García,1463.99
TRX-10215,2023-04-01,Vino Chardonnay,23,2644.76,CLI-1433,La Rioja,App Mobile,Ana García,403.91
TRX-11740,2024-03-13,Vino Malbec,8,3258.57,CLI-677,Salta,Transferencia,Marta Gómez,1120.15
TRX-10563,2023-02-06,Vino Malbec,16,2494.85,CLI-606,La Rioja,App Mobile,Ana García,755.95
TRX-11072,2023-05-09,Cabernet Sauvignon,19,5424.72,CLI-559,Salta,,Ana García,1064.74
TRX-10490,2023-10-06,Vino Malbec,5,8387.15,CLI-557,Neuquén,Transferencia,Ana García,367.05
TRX-10862,2024-02-22,Cabernet Sauvignon,17,2838.77,CLI-1059,Mendoza,App Mobile,Luis Rodriguez,357.95
TRX-11834,2024-02-01,Vino Blend,13,6546.94,CLI-966,La Rioja,Efectivo,Marta Gómez,1139.11
TRX-12276,2023-08-23,Cabernet Sauvignon,3,1951.56,CLI-1369,Catamarca,Transferencia,Juan Pérez,388.62
TRX-11124,2023-01-21,Vino Chardonnay,20,5244.45,CLI-1209,La Rioja,Efectivo,Luis Rodriguez,681.25
TRX-10916,2023-12-16,Vino Malbec,20,10024.6,CLI-1148,Neuquén,Efectivo,Marta Gómez,487.56
TRX-11709,2023-05-14,Vino Rosado,3,3976.38,CLI-842,Catamarca,Efectivo,Ana García,842.48
TRX-11972,2023-10-03,Cabernet Sauvignon,21,11096.97,CLI-989,Neuquén,Transferencia,Ana García,1037.27
TRX-10506,2024-02-01,Cabernet Sauvignon,3,7906.99,CLI-1480,Catamarca,Efectivo,Marta Gómez,782.2
TRX-11048,2023-03-16,Vino Chardonnay,7,4890.15,CLI-1151,Mendoza,Efectivo,Ana García,1333.42
TRX-10025,2024-01-10,Cabernet Sauvignon,22,,CLI-1239,San Juan,App Mobile,Soporte Ventas,1268.13
TRX-12167,2023-04-11,Syrah,14,7460.01,CLI-770,Salta,App Mobile,Marta Gómez,1269.07
TRX-11222,2023-05-19,Bonarda,10,2556.52,CLI-1324,Catamarca,Tarjeta de Crédito,Juan Pérez,692.38
TRX-11113,2023-11-20,Vino Malbec,15,9075.31,CLI-606,Mendoza,Transferencia,Luis Rodriguez,412.41
TRX-12335,2023-03-27,Bonarda,5,11816.31,CLI-552,La Rioja,App Mobile,Luis Rodriguez,646.81
TRX-10277,30/10/2023,Espumante,4,8676.92,CLI-870,Neuquén,Efectivo,Marta Gómez,1215.27
TRX-11424,2023-05-11,Bonarda,23,8758.99,CLI-825,Salta,App Mobile,Luis Rodriguez,623.28
TRX-11166,2023-01-18,Syrah,12,3124.8,CLI-628,Mendoza,,Soporte Ventas,388.61
TRX-10433,2023-11-21,Espumante,2,1731.53,CLI-521,Salta,Efectivo,Juan Pérez,274.86
TRX-12270,2023-03-29,Cabernet Sauvignon,18,11251.57,CLI-874,Catamarca,App Mobile,Juan Pérez,603.12
TRX-10607,2023-07-06,Vino Rosado,13,11412.58,CLI-1121,Neuquén,Transferencia,Marta Gómez,1063.79
TRX-10630,2024-03-15,Vino Rosado,21,2836.92,CLI-596,Salta,,Marta Gómez,614.51
TRX-12152,2023-11-29,Vino Malbec,14,6814.65,CLI-1002,Catamarca,Efectivo,Soporte Ventas,1026.22
TRX-11652,2023-11-25,Bonarda,19,10525.5,CLI-1463,Mendoza,,Luis Rodriguez,978.6
TRX-10515,2023-09-06,Vino Blend,13,10139.93,CLI-758,Catamarca,App Mobile,Marta Gómez,1210.22
TRX-12192,2023-12-29,Syrah,5,8018.91,CLI-1163,Mendoza,Tarjeta de Crédito,Ana García,893.4
TRX-12065,2023-07-30,Vino Chardonnay,22,11703.9,CLI-997,Catamarca,,Soporte Ventas,493.68
TRX-11147,2023-03-29,Syrah,21,,CLI-863,Catamarca,Transferencia,Ana García,857.03
TRX-11102,2024-02-10,Vino Chardonnay,10,3695.9,CLI-912,Catamarca,Transferencia,Marta Gómez,1300.41
TRX-11741,2023-11-27,Vino Blend,19,7085.6,CLI-577,San Juan,Tarjeta de Crédito,Soporte Ventas,1272.0
TRX-12122,2024-01-25,Espumante,8,11458.99,CLI-1136,Mendoza,Tarjeta de Crédito,Marta Gómez,1397.08
TRX-12199,2023-02-13,Vino Blend,11,5985.88,CLI-509,Mendoza,Tarjeta de Crédito,Marta Gómez,1209.28
TRX-10609,2023-03-01,Vino Malbec,21,4297.85,CLI-1018,La Rioja,Efectivo,Ana García,204.38
TRX-10156,2024-01-09,Bonarda,17,11503.95,CLI-1138,San Juan,Transferencia,Ana García,329.05
TRX-10488,2023-05-11,Vino Malbec,18,7282.0,CLI-1130,Catamarca,,Ana García,1495.61
TRX-11869,2023-11-12,Vino Chardonnay,22,3868.97,CLI-528,Mendoza,Transferencia,Ana García,1034.9
TRX-10615,2023-11-22,Espumante,18,7472.4,CLI-1412,San Juan,Transferencia,Ana García,1267.42
TRX-10643,2023-01-11,Syrah,9,10629.83,CLI-1316,Neuquén,Transferencia,Ana García,978.87
TRX-11521,2023-03-24,Vino Rosado,16,9755.14,CLI-1159,Neuquén,Transferencia,Juan Pérez,538.26
TRX-11725,2023-09-22,Vino Blend,18,6154.12,CLI-608,Neuquén,,Juan Pérez,206.04
TRX-11068,2023-07-04,Vino Blend,16,8799.74,CLI-1474,Neuquén,App Mobile,Luis Rodriguez,1471.42
TRX-10728,2023-06-25,Vino Blend,19,5589.79,CLI-559,Neuquén,Efectivo,Ana García,991.81
TRX-10982,2024-03-09,Espumante,9,9967.54,CLI-1421,Mendoza,App Mobile,Marta Gómez,1416.56
TRX-10224,2023-08-21,Espumante,14,10735.74,CLI-1058,Catamarca,Tarjeta de Crédito,Luis Rodriguez,316.28
TRX-11432,2023-01-22,Vino Malbec,10,5175.54,CLI-916,San Juan,Tarjeta de Crédito,Soporte Ventas,1079.46
TRX-10330,2023-10-05,Bonarda,10,6692.68,CLI-1114,San Juan,Tarjeta de Crédito,Marta Gómez,943.56
TRX-11534,2023-12-25,Espumante,4,11165.38,CLI-1021,La Rioja,Tarjeta de Crédito,Luis Rodriguez,1183.02
TRX-10456,2023-10-11,Espumante,18,4100.87,CLI-1458,Mendoza,,Luis Rodriguez,330.56
TRX-12253,2024-03-25,Syrah,21,2234.44,CLI-584,San Juan,,Luis Rodriguez,1425.57
TRX-10622,2023-07-16,Vino Malbec,24,1914.31,CLI-1158,Catamarca,App Mobile,Juan Pérez,480.11
TRX-11881,2023-01-01,Espumante,5,9123.96,CLI-718,La Rioja,Tarjeta de Crédito,Marta Gómez,741.71
TRX-12390,2023-10-02,Vino Chardonnay,24,6652.14,CLI-1053,Catamarca,,Marta Gómez,494.36
TRX-10483,2024-02-15,Vino Blend,17,5432.74,CLI-1101,Salta,,Luis Rodriguez,622.75
TRX-10372,2023-08-03,Vino Blend,18,9776.36,CLI-636,La Rioja,,Marta Gómez,284.03
TRX-12025,2023-12-08,Vino Rosado,16,5531.46,CLI-830,Mendoza,Tarjeta de Crédito,Marta Gómez,714.35
TRX-12087,2023-02-05,Vino Malbec,19,6546.05,CLI-1384,La Rioja,Transferencia,Luis Rodriguez,359.9
TRX-10011,2023-07-19,Vino Chardonnay,5,4702.11,CLI-727,Mendoza,Efectivo,Marta Gómez,688.04
TRX-10755,2023-12-09,Syrah,12,10453.98,CLI-1438,Mendoza,App Mobile,Soporte Ventas,879.56
TRX-10518,2023-10-20,Bonarda,18,4777.86,CLI-1239,Catamarca,Tarjeta de Crédito,Soporte Ventas,1247.91
TRX-10054,2023-06-03,Vino Malbec,10,9423.34,CLI-1365,Neuquén,,Ana García,1273.07
TRX-10032,2024-03-12,Vino Rosado,11,3708.91,CLI-1341,Salta,App Mobile,Marta Gómez,330.3
TRX-10664,2023-04-25,Vino Blend,13,6221.74,CLI-734,Mendoza,Efectivo,Ana García,777.98
TRX-11157,2023-10-04,Vino Rosado,12,10653.86,CLI-1323,Catamarca,,Ana García,1323.66
TRX-10744,2023-03-05,Vino Malbec,17,6825.3,CLI-964,Salta,Transferencia,Juan Pérez,275.45
TRX-12047,2024-02-25,Syrah,1,8124.84,CLI-1005,La Rioja,Efectivo,Luis Rodriguez,870.49
TRX-12469,2023-06-19,Espumante,7,3621.2,CLI-689,Salta,Efectivo,Juan Pérez,600.78
TRX-11726,2023-07-14,,2,,CLI-535,Neuquén,Efectivo,Ana García,468.66
TRX-10464,2023-04-20,Cabernet Sauvignon,19,1794.84,CLI-1285,Mendoza,Tarjeta de Crédito,Juan Pérez,233.57
TRX-10783,2023-09-05,Vino Blend,14,2682.3,CLI-707,Catamarca,App Mobile,Soporte Ventas,500.5
TRX-11868,2023-01-03,Vino Malbec,5,6175.51,CLI-508,Mendoza,,Juan Pérez,1212.27
TRX-10118,2024-03-09,Espumante,16,9155.07,CLI-647,Mendoza,,Soporte Ventas,1138.72
TRX-10229,2023-11-16,Cabernet Sauvignon,19,7205.1,CLI-1355,Salta,Transferencia,Soporte Ventas,989.62
TRX-10857,2023-11-18,Syrah,11,3666.86,CLI-994,San Juan,Efectivo,Luis Rodriguez,710.18
TRX-12071,2023-06-26,Espumante,10,,CLI-1194,Mendoza,Tarjeta de Crédito,Luis Rodriguez,1473.69
TRX-12427,2023-05-14,Espumante,3,6411.03,CLI-1406,Catamarca,Transferencia,Soporte Ventas,1269.86
TRX-10408,2023-10-20,Espumante,19,2451.91,CLI-1002,Neuquén,,Ana García,838.25
TRX-10170,2023-08-07,Cabernet Sauvignon,20,9327.65,CLI-681,Catamarca,App Mobile,Ana García,891.92
TRX-10540,29/08/2023,Bonarda,3,9450.89,CLI-619,San Juan,,Soporte Ventas,1459.62
TRX-12274,2023-08-27,Syrah,1,9019.83,CLI-1420,Salta,,Marta Gómez,564.76
TRX-12369,08/11/2023,Vino Blend,21,5747.65,CLI-590,Mendoza,Tarjeta de Crédito,Marta Gómez,1227.14
TRX-10016,2023-01-25,Vino Chardonnay,21,2078.93,CLI-1064,Mendoza,Transferencia,Marta Gómez,1290.62
TRX-10613,2023-12-21,Vino Malbec,24,9795.71,CLI-846,San Juan,Efectivo,Marta Gómez,240.25
TRX-11266,2023-03-19,Bonarda,5,11100.37,CLI-1172,La Rioja,App Mobile,Luis Rodriguez,680.44
TRX-11908,2023-10-04,Vino Rosado,23,6264.04,CLI-913,Salta,,Ana García,1453.02
TRX-10674,2023-01-30,Bonarda,10,1796.95,CLI-836,Mendoza,App Mobile,Luis Rodriguez,498.39
TRX-11161,2023-05-15,Vino Chardonnay,24,9779.49,CLI-1080,La Rioja,,Soporte Ventas,292.85
TRX-12120,2023-03-21,Bonarda,21,1827.49,CLI-946,Mendoza,Transferencia,Marta Gómez,1170.47
TRX-12430,2023-01-07,Cabernet Sauvignon,7,5934.39,CLI-663,Neuquén,Tarjeta de Crédito,Luis Rodriguez,297.62
TRX-11680,2023-12-07,Vino Blend,14,2526.85,CLI-934,Neuquén,App Mobile,Ana García,1365.67
TRX-11950,2023-09-06,Bonarda,5,6147.23,CLI-546,Neuquén,App Mobile,Ana García,905.83
TRX-12216,2023-07-30,Vino Malbec,12,2589.53,CLI-867,Catamarca,Transferencia,Juan Pérez,1389.19
TRX-12271,2023-08-15,Vino Malbec,24,8916.99,CLI-1408,Neuquén,Efectivo,Ana García,973.0
TRX-10564,2024-02-10,,4,6663.16,CLI-685,Neuquén,App Mobile,Juan Pérez,373.4
TRX-10053,2024-03-14,Vino Malbec,19,4132.96,CLI-1487,San Juan,,Juan Pérez,1259.6
TRX-10117,2024-01-02,Cabernet Sauvignon,24,5343.48,CLI-798,Catamarca,App Mobile,Marta Gómez,1098.11
TRX-11893,2023-03-04,Cabernet Sauvignon,4,3539.71,CLI-1430,La Rioja,,Soporte Ventas,518.78
TRX-11548,2023-08-21,Cabernet Sauvignon,1,6862.0,CLI-601,Neuquén,,Ana García,1088.55
TRX-11451,2023-08-19,,6,6652.2,CLI-1020,San Juan,Transferencia,Marta Gómez,1160.01
TRX-11470,2023-06-24,Bonarda,8,11928.7,CLI-1022,Salta,,Luis Rodriguez,821.48
TRX-11275,2023-04-17,Vino Blend,20,4510.67,CLI-775,La Rioja,Efectivo,Soporte Ventas,236.28
TRX-10355,2023-07-23,Cabernet Sauvignon,18,1500.33,CLI-1394,La Rioja,,Marta Gómez,1073.05
TRX-11615,2023-11-05,Vino Malbec,1,6575.51,CLI-566,Neuquén,Tarjeta de Crédito,Juan Pérez,722.66
TRX-12459,2023-01-08,Bonarda,4,9253.96,CLI-954,Mendoza,,Marta Gómez,620.99
TRX-10487,2023-07-06,,13,8594.0,CLI-680,Salta,App Mobile,Ana García,597.1
TRX-12038,2023-06-06,Cabernet Sauvignon,17,1861.15,CLI-771,Salta,,Ana García,1282.96
TRX-11172,2023-05-07,Syrah,23,4104.78,CLI-1390,San Juan,Transferencia,Juan Pérez,647.22
TRX-11832,2023-09-23,Vino Chardonnay,20,4949.16,CLI-605,Neuquén,Efectivo,Juan Pérez,1491.91
TRX-10325,2023-05-14,Vino Blend,24,7826.16,CLI-853,San Juan,Efectivo,Soporte Ventas,278.24
TRX-11051,2023-03-28,Espumante,5,10062.64,CLI-521,Mendoza,Efectivo,Marta Gómez,1047.3
TRX-11026,2023-08-22,Vino Blend,19,4831.57,CLI-586,Salta,,Juan Pérez,1023.07
TRX-10273,17/07/2023,Vino Blend,9,5755.06,CLI-1451,La Rioja,Transferencia,Ana García,1394.61
TRX-11286,2024-02-25,Bonarda,17,7659.52,CLI-845,La Rioja,Efectivo,Luis Rodriguez,639.6
TRX-11519,2023-06-10,Vino Malbec,4,7730.56,CLI-1230,Catamarca,Tarjeta de Crédito,Ana García,983.97
TRX-11576,2023-02-05,Vino Rosado,12,5450.95,CLI-979,Salta,Efectivo,Marta Gómez,629.19
TRX-11196,2023-12-18,Vino Rosado,7,4866.58,CLI-1433,Mendoza,App Mobile,Marta Gómez,461.49
TRX-10620,2023-01-29,Vino Blend,17,4818.65,CLI-751,Catamarca,App Mobile,Luis Rodriguez,748.1
TRX-11443,2023-04-27,Bonarda,6,4622.02,CLI-737,Salta,,Luis Rodriguez,443.7
TRX-10951,2024-02-07,Vino Rosado,23,6097.17,CLI-1080,Mendoza,Tarjeta de Crédito,Luis Rodriguez,288.29
TRX-11189,2023-01-18,Vino Chardonnay,19,4936.0,CLI-975,San Juan,,Luis Rodriguez,872.99
TRX-10328,2023-10-29,Bonarda,1,2312.39,CLI-1489,Mendoza,App Mobile,Luis Rodriguez,1181.77
TRX-10648,2024-02-17,Bonarda,24,5602.41,CLI-1070,Neuquén,Tarjeta de Crédito,Soporte Ventas,1344.06
TRX-10897,2023-01-28,Espumante,24,10972.37,CLI-1454,San Juan,Transferencia,Luis Rodriguez,968.99
TRX-11545,2024-03-13,Cabernet Sauvignon,21,6413.1,CLI-1416,San Juan,Tarjeta de Crédito,Juan Pérez,912.01
TRX-11123,2023-03-07,Syrah,4,,CLI-938,San Juan,Efectivo,Soporte Ventas,1028.83
TRX-11995,2023-05-29,Syrah,18,9439.23,CLI-1134,Salta,App Mobile,Marta Gómez,542.22
TRX-10740,2023-01-30,Vino Chardonnay,9,,CLI-1223,Neuquén,Tarjeta de Crédito,Soporte Ventas,1096.3
TRX-12492,2023-12-14,Cabernet Sauvignon,8,7486.0,CLI-1108,Neuquén,,Ana García,1299.61
TRX-11700,2023-05-28,Bonarda,4,10061.76,CLI-959,Catamarca,Efectivo,Soporte Ventas,276.99
TRX-12458,2023-10-16,Bonarda,14,10953.15,CLI-1156,La Rioja,Efectivo,Ana García,288.23
TRX-11766,2023-12-21,Espumante,24,7891.35,CLI-1116,Catamarca,,Juan Pérez,1088.46
TRX-11259,2023-12-06,Syrah,13,7120.03,CLI-847,San Juan,Tarjeta de Crédito,Juan Pérez,396.89
TRX-12312,2023-07-25,Vino Rosado,1,3042.45,CLI-1177,San Juan,Tarjeta de Crédito,Ana García,528.49
TRX-11739,2024-01-28,Vino Blend,6,8507.34,CLI-1366,Mendoza,Transferencia,Juan Pérez,699.32
TRX-11588,2024-01-10,Vino Rosado,16,8739.3,CLI-849,Catamarca,,Marta Gómez,1068.85
TRX-11023,16/06/2023,Vino Chardonnay,4,10995.96,CLI-806,Neuquén,App Mobile,Soporte Ventas,1092.33
TRX-10539,2023-12-16,Vino Rosado,4,3931.18,CLI-1179,La Rioja,Transferencia,Soporte Ventas,346.46
TRX-12457,2024-01-09,Cabernet Sauvignon,17,3062.37,CLI-686,Salta,Efectivo,Juan Pérez,1432.59
TRX-11688,2023-03-30,Bonarda,2,5601.96,CLI-627,San Juan,Tarjeta de Crédito,Juan Pérez,1004.39
TRX-11468,2023-07-14,Vino Rosado,18,5668.92,CLI-1255,La Rioja,Efectivo,Marta Gómez,394.59
TRX-11554,2023-05-01,Bonarda,7,9716.6,CLI-784,Mendoza,Efectivo,Luis Rodriguez,701.14
TRX-10809,2023-03-31,Bonarda,1,10303.06,CLI-877,San Juan,,Marta Gómez,614.34
TRX-11316,2024-03-19,Espumante,4,5951.78,CLI-593,Salta,Tarjeta de Crédito,Marta Gómez,1471.3
TRX-10978,2023-09-20,Cabernet Sauvignon,19,8986.22,CLI-1056,San Juan,Tarjeta de Crédito,Luis Rodriguez,1065.28
TRX-12158,2023-08-03,Vino Blend,17,3683.47,CLI-1356,Mendoza,,Soporte Ventas,635.34
TRX-10792,2023-08-17,Vino Chardonnay,2,2486.69,CLI-1303,La Rioja,Tarjeta de Crédito,Juan Pérez,594.06
TRX-11776,2023-11-02,Syrah,15,9827.16,CLI-1100,San Juan,Transferencia,Luis Rodriguez,772.0
TRX-10522,2023-12-30,Vino Chardonnay,19,,CLI-1158,Catamarca,App Mobile,Ana García,831.41
TRX-12130,2023-04-15,Espumante,23,10405.9,CLI-1197,Neuquén,,Soporte Ventas,708.64
TRX-12470,2024-01-17,Espumante,17,4917.9,CLI-828,Salta,Transferencia,Juan Pérez,478.98
TRX-11569,2023-09-23,Vino Malbec,21,4681.7,CLI-1275,Salta,Tarjeta de Crédito,Juan Pérez,1428.7
TRX-12275,2024-01-28,Cabernet Sauvignon,8,,CLI-713,La Rioja,Efectivo,Luis Rodriguez,1200.07
TRX-11863,2023-05-09,Vino Blend,19,2004.75,CLI-703,San Juan,Efectivo,Luis Rodriguez,565.48
TRX-10174,2023-06-10,Cabernet Sauvignon,11,6995.28,CLI-1254,Neuquén,,Soporte Ventas,1270.72
TRX-11637,2023-04-22,Vino Rosado,24,8465.68,CLI-1050,San Juan,Transferencia,Soporte Ventas,1142.72
TRX-10950,2023-08-06,Bonarda,1,5098.9,CLI-519,Mendoza,App Mobile,Marta Gómez,972.12
TRX-11559,2024-01-15,Vino Malbec,23,9242.41,CLI-900,Catamarca,Transferencia,Juan Pérez,827.0
TRX-10928,2023-02-08,Syrah,21,5269.81,CLI-1218,Mendoza,Transferencia,Ana García,736.88
TRX-10217,2024-01-23,Vino Rosado,21,6163.22,CLI-1494,Neuquén,App Mobile,Marta Gómez,1440.23
TRX-10470,2023-03-31,Vino Blend,22,6072.27,CLI-1424,San Juan,Tarjeta de Crédito,Juan Pérez,1150.92
TRX-10400,27/01/2024,Vino Blend,2,3252.61,CLI-748,Catamarca,Efectivo,Soporte Ventas,1154.41
TRX-11444,2023-08-17,Bonarda,3,9191.62,CLI-983,San Juan,Efectivo,Soporte Ventas,949.51
TRX-10690,2023-08-08,Bonarda,7,6695.34,CLI-710,Mendoza,,Juan Pérez,272.55
TRX-10623,2024-02-13,Espumante,18,8706.82,CLI-679,Catamarca,App Mobile,Soporte Ventas,208.26
TRX-12340,2023-08-13,Cabernet Sauvignon,18,5310.61,CLI-583,Neuquén,Transferencia,Soporte Ventas,1162.96
TRX-12302,2023-12-27,Vino Chardonnay,3,11221.0,CLI-597,Salta,App Mobile,Juan Pérez,635.0
TRX-11106,2024-03-12,Syrah,18,2803.31,CLI-683,San Juan,App Mobile,Marta Gómez,1023.16
TRX-11608,2023-09-30,Vino Rosado,20,4728.54,CLI-1037,Mendoza,,Juan Pérez,280.19
TRX-12333,2024-03-08,Espumante,5,8978.38,CLI-989,Salta,,Marta Gómez,1244.14
TRX-11679,2024-02-09,Vino Chardonnay,13,3058.65,CLI-629,La Rioja,Tarjeta de Crédito,Marta Gómez,455.2
TRX-10611,2023-05-17,Cabernet Sauvignon,21,3940.81,CLI-1021,San Juan,Efectivo,Ana García,1147.42
TRX-11475,2023-01-05,Syrah,10,9362.19,CLI-579,Neuquén,App Mobile,Luis Rodriguez,1365.23
TRX-10427,2023-01-05,Vino Rosado,19,7219.58,CLI-850,Catamarca,,Soporte Ventas,1290.62
TRX-10136,2023-01-27,Bonarda,7,4583.45,CLI-605,Salta,Tarjeta de Crédito,Marta Gómez,1283.59
TRX-10576,2023-07-27,Vino Rosado,2,10315.56,CLI-1368,Mendoza,App Mobile,Luis Rodriguez,1411.87
TRX-12123,2023-04-29,Bonarda,20,3623.55,CLI-1469,San Juan,,Luis Rodriguez,1444.91
TRX-10667,2023-06-24,Bonarda,17,5893.7,CLI-1130,La Rioja,,Marta Gómez,523.88
TRX-11180,2023-05-02,Syrah,5,10869.71,CLI-1373,Salta,Tarjeta de Crédito,Luis Rodriguez,592.6
TRX-10888,2023-05-30,Cabernet Sauvignon,10,4258.37,CLI-1000,Neuquén,App Mobile,Luis Rodriguez,1026.16
TRX-10939,2023-11-26,Syrah,22,4508.81,CLI-1476,Salta,App Mobile,Soporte Ventas,1276.21
TRX-11826,2023-02-04,Vino Malbec,9,9514.69,CLI-785,Salta,Tarjeta de Crédito,Soporte Ventas,1345.01
TRX-10389,2024-02-07,,12,8180.65,CLI-1082,Salta,Transferencia,Marta Gómez,525.0
TRX-10817,2024-02-01,Cabernet Sauvignon,18,11667.18,CLI-720,Neuquén,Efectivo,Marta Gómez,1313.61
TRX-11111,2024-01-25,Syrah,22,8751.57,CLI-1383,Neuquén,App Mobile,Ana García,826.61
TRX-11962,2023-06-17,Syrah,20,6925.74,CLI-1306,Mendoza,App Mobile,Soporte Ventas,1028.02
TRX-10208,2024-03-10,Vino Malbec,2,2926.94,CLI-585,La Rioja,,Ana García,903.02
TRX-10293,2023-09-07,Vino Rosado,20,9448.86,CLI-630,Catamarca,Efectivo,Juan Pérez,565.74
TRX-11119,2024-02-10,Vino Malbec,5,1767.35,CLI-1037,San Juan,Transferencia,Juan Pérez,1017.63
TRX-12277,2023-11-15,Cabernet Sauvignon,8,7775.03,CLI-1207,Neuquén,Efectivo,Luis Rodriguez,1029.69
TRX-11695,2023-03-13,,6,2666.18,CLI-803,Salta,Efectivo,Marta Gómez,464.54
TRX-11264,2024-03-20,Syrah,14,8480.57,CLI-789,Catamarca,Efectivo,Ana García,618.73
TRX-10990,2023-10-12,Syrah,2,5347.48,CLI-1225,Salta,Tarjeta de Crédito,Soporte Ventas,1295.05
TRX-12338,2023-10-02,Espumante,24,11629.13,CLI-1280,San Juan,Transferencia,Marta Gómez,1452.72
TRX-10872,2023-10-21,Vino Rosado,11,,CLI-1213,MENDOZA,Transferencia,Ana García,445.91
TRX-11638,2023-12-09,Vino Blend,4,4204.56,CLI-536,La Rioja,Tarjeta de Crédito,Soporte Ventas,722.22
TRX-10353,2023-10-03,Cabernet Sauvignon,24,9483.48,CLI-855,San Juan,App Mobile,Juan Pérez,234.04
TRX-11954,2023-11-16,Vino Rosado,5,11980.79,CLI-720,Neuquén,Transferencia,Soporte Ventas,225.51
TRX-12141,2024-03-21,Vino Rosado,8,1980.1,CLI-1323,San Juan,Tarjeta de Crédito,Juan Pérez,247.89
TRX-11035,2023-07-02,Vino Chardonnay,14,,CLI-897,Mendoza,Tarjeta de Crédito,Soporte Ventas,1064.39
TRX-11489,2023-02-02,Bonarda,9,4490.22,CLI-1103,La Rioja,App Mobile,Soporte Ventas,253.2
TRX-10775,2023-08-07,Vino Malbec,3,10256.81,CLI-697,Mendoza,App Mobile,Marta Gómez,427.21
TRX-11494,2023-03-03,Vino Rosado,14,11772.45,CLI-1018,Catamarca,,Ana García,1432.73
TRX-11082,2023-12-31,Vino Chardonnay,8,3778.96,CLI-616,Catamarca,Efectivo,Marta Gómez,663.03
TRX-11228,2024-01-26,Vino Malbec,24,5953.93,CLI-987,Salta,App Mobile,Marta Gómez,1391.43
TRX-10259,2023-05-12,Vino Chardonnay,18,8216.59,CLI-1139,San Juan,Transferencia,Soporte Ventas,490.52
TRX-11599,2023-10-08,Espumante,18,3299.99,CLI-1062,La Rioja,Transferencia,Soporte Ventas,345.54
TRX-11874,2023-04-02,Vino Chardonnay,20,11140.47,CLI-707,Salta,Tarjeta de Crédito,Soporte Ventas,783.86
TRX-11045,2023-09-14,Vino Blend,7,2520.59,CLI-507,La Rioja,App Mobile,Luis Rodriguez,808.73
TRX-11926,2023-08-30,Bonarda,7,11863.94,CLI-626,Salta,,Luis Rodriguez,210.48
TRX-10407,2023-01-10,Vino Rosado,19,10873.65,CLI-586,Mendoza,Tarjeta de Crédito,Marta Gómez,1275.32
TRX-10052,2024-02-29,Cabernet Sauvignon,7,2159.54,CLI-602,La Rioja,Tarjeta de Crédito,Luis Rodriguez,874.73
TRX-12439,2023-11-01,Vino Rosado,11,4473.28,CLI-1028,Neuquén,Transferencia,Marta Gómez,701.91
TRX-11943,2023-05-12,Cabernet Sauvignon,20,3608.79,CLI-517,San Juan,App Mobile,Marta Gómez,629.34
TRX-12255,2023-10-01,Vino Rosado,22,9553.02,CLI-660,Catamarca,Transferencia,Ana García,1415.79
TRX-12475,2023-05-13,Vino Malbec,23,10082.71,CLI-1333,Salta,App Mobile,Juan Pérez,938.73
TRX-10159,2023-05-12,Vino Malbec,17,10453.69,CLI-812,San Juan,,Ana García,1403.96
TRX-12409,2023-08-01,Bonarda,13,7328.48,CLI-1375,La Rioja,App Mobile,Juan Pérez,334.41
TRX-11479,2024-01-15,Vino Rosado,14,10968.33,CLI-1030,La Rioja,Efectivo,Soporte Ventas,1400.97
TRX-11507,09/03/2023,Vino Malbec,11,6649.9,CLI-826,Mendoza,App Mobile,Ana García,1270.65
TRX-11033,2023-10-05,Vino Chardonnay,24,,CLI-1406,Mendoza,Tarjeta de Crédito,Marta Gómez,324.72
TRX-11097,2024-01-18,Bonarda,19,5526.01,CLI-1378,Catamarca,Efectivo,Marta Gómez,237.8
TRX-11469,2023-04-13,Bonarda,2,10187.67,CLI-1067,Catamarca,,Ana García,458.77
TRX-10543,2024-03-18,Bonarda,16,5191.67,CLI-924,Catamarca,Tarjeta de Crédito,Juan Pérez,1305.95
TRX-11046,2023-02-24,Vino Malbec,8,5818.61,CLI-1436,San Juan,Tarjeta de Crédito,Marta Gómez,611.49
TRX-11998,2023-04-08,Cabernet Sauvignon,21,5156.24,CLI-771,Salta,Tarjeta de Crédito,Marta Gómez,515.42
TRX-11955,2023-01-11,Vino Chardonnay,10,6094.25,CLI-998,La Rioja,Efectivo,Juan Pérez,1294.57
TRX-10030,2023-08-17,Bonarda,3,5559.01,CLI-864,Mendoza,,Juan Pérez,1100.05
TRX-10725,2023-06-15,Vino Chardonnay,8,4115.36,CLI-688,Mendoza,Transferencia,Luis Rodriguez,489.4
TRX-11114,2023-09-15,Espumante,5,3472.3,CLI-1381,La Rioja,Tarjeta de Crédito,Ana García,1407.94
TRX-12157,2023-12-04,Bonarda,4,4169.3,CLI-641,Catamarca,Transferencia,Ana García,762.94
TRX-11076,2023-11-24,Espumante,17,11169.01,CLI-1282,Catamarca,Transferencia,Marta Gómez,904.92
TRX-11426,2023-02-21,Espumante,11,2733.79,CLI-652,Neuquén,Transferencia,Marta Gómez,296.07
TRX-10780,2023-03-21,Cabernet Sauvignon,19,6082.56,CLI-528,NEUQUÉN,App Mobile,Juan Pérez,203.36
TRX-10436,2023-08-10,Cabernet Sauvignon,16,3761.22,CLI-572,San Juan,App Mobile,Marta Gómez,1038.78
TRX-11258,2024-03-15,Bonarda,24,8411.99,CLI-1270,Catamarca,,Ana García,831.71
TRX-10912,2023-02-20,Syrah,18,9255.75,CLI-659,Neuquén,App Mobile,Juan Pérez,517.57
TRX-10320,2023-03-06,Bonarda,15,8452.23,CLI-1411,Catamarca,Efectivo,Ana García,1076.12
TRX-11254,2023-05-05,Bonarda,3,8297.42,CLI-761,Salta,App Mobile,Ana García,391.21
TRX-10732,2023-06-19,Bonarda,5,,CLI-885,Neuquén,Tarjeta de Crédito,Juan Pérez,1316.36
TRX-11050,2023-07-10,Bonarda,9,2248.1,CLI-887,San Juan,Efectivo,Marta Gómez,1386.95
TRX-12352,2023-08-17,Vino Chardonnay,23,8337.67,CLI-1118,Neuquén,App Mobile,Marta Gómez,1359.12
TRX-11669,2023-02-17,Vino Malbec,3,3349.87,CLI-1020,Mendoza,Tarjeta de Crédito,Marta Gómez,543.09
TRX-11238,2023-09-04,Espumante,6,2297.97,CLI-1448,San Juan,Tarjeta de Crédito,Luis Rodriguez,1263.9
TRX-10903,2024-01-22,Vino Blend,17,1658.19,CLI-523,La Rioja,App Mobile,Juan Pérez,815.71
TRX-11870,2024-02-08,Bonarda,11,6146.98,CLI-1360,Catamarca,Transferencia,Soporte Ventas,960.73
TRX-10294,2023-11-08,,16,2968.25,CLI-638,Salta,App Mobile,Marta Gómez,947.67
TRX-12095,2023-08-08,Vino Rosado,9,4489.05,CLI-1249,Catamarca,Transferencia,Ana García,914.23
TRX-10507,2023-02-28,Vino Malbec,1,6184.82,CLI-1299,Neuquén,Transferencia,Marta Gómez,1463.41
TRX-10110,2024-03-16,Cabernet Sauvignon,23,7743.18,CLI-970,Mendoza,,Marta Gómez,1163.37
TRX-10183,2023-04-27,,8,10840.37,CLI-1176,Catamarca,Tarjeta de Crédito,Soporte Ventas,440.12
TRX-11815,2024-03-25,Bonarda,4,8853.23,CLI-1247,Salta,Efectivo,Luis Rodriguez,1019.84
TRX-11497,2023-03-14,Syrah,15,8493.75,CLI-788,San Juan,Efectivo,Soporte Ventas,481.54
TRX-12086,2023-02-12,Vino Malbec,13,9615.29,CLI-617,Neuquén,App Mobile,Ana García,393.3
TRX-10321,2023-06-23,Bonarda,13,6605.45,CLI-1185,San Juan,Transferencia,Luis Rodriguez,207.57
TRX-11873,2023-02-08,Espumante,22,,CLI-780,Neuquén,,Luis Rodriguez,513.66
TRX-11590,2023-09-25,Vino Malbec,3,5287.43,CLI-788,Neuquén,Transferencia,Ana García,1195.57
TRX-12489,2023-03-11,Vino Rosado,17,7791.69,CLI-1257,La Rioja,App Mobile,Soporte Ventas,1477.18
TRX-12445,2024-01-17,Syrah,24,10258.15,CLI-623,Neuquén,Transferencia,Marta Gómez,1277.15
TRX-11877,2024-03-03,Vino Chardonnay,6,11370.05,CLI-1074,Mendoza,App Mobile,Juan Pérez,1354.9
TRX-11942,2023-06-29,Bonarda,12,,CLI-898,Salta,Transferencia,Marta Gómez,322.07
TRX-12175,2023-01-15,Vino Blend,22,4029.69,CLI-1172,MENDOZA,,Juan Pérez,1098.67
TRX-11551,2024-03-16,Syrah,10,9252.38,CLI-1364,San Juan,Tarjeta de Crédito,Luis Rodriguez,823.29
TRX-10357,2023-09-05,Vino Rosado,17,11126.29,CLI-1037,Mendoza,Tarjeta de Crédito,Luis Rodriguez,1285.2
TRX-11146,2023-01-23,Vino Chardonnay,8,11954.82,CLI-563,La Rioja,,Juan Pérez,494.28
TRX-12129,2023-12-04,Cabernet Sauvignon,6,10689.95,CLI-700,Catamarca,Tarjeta de Crédito,Soporte Ventas,653.78
TRX-10044,2024-02-13,Vino Rosado,12,10935.84,CLI-1198,San Juan,Efectivo,Luis Rodriguez,1165.82
TRX-11853,2023-06-15,Vino Chardonnay,4,6207.68,CLI-1497,Mendoza,Transferencia,Ana García,1153.05
TRX-11606,2023-11-13,Vino Blend,24,10193.7,CLI-670,Salta,,Luis Rodriguez,928.93
TRX-11924,2023-03-19,Bonarda,4,1678.55,CLI-1392,Salta,Efectivo,Juan Pérez,383.72
TRX-11378,2023-09-17,Vino Chardonnay,8,5738.97,CLI-1342,San Juan,Efectivo,Juan Pérez,718.42
TRX-12370,2024-03-06,Espumante,23,5003.52,CLI-979,Neuquén,App Mobile,Soporte Ventas,405.55
TRX-11381,2023-07-26,Vino Chardonnay,7,9829.88,CLI-1229,San Juan,Transferencia,Juan Pérez,646.47
TRX-10413,2023-12-25,Vino Chardonnay,7,7512.65,CLI-553,Salta,,Luis Rodriguez,1169.51
TRX-12219,2023-10-17,Bonarda,15,7827.58,CLI-1166,Salta,App Mobile,Juan Pérez,822.12
TRX-11407,2023-12-26,Cabernet Sauvignon,16,11311.04,CLI-843,Catamarca,Transferencia,Luis Rodriguez,799.8
TRX-12269,2024-01-15,Espumante,2,10355.64,CLI-986,La Rioja,,Ana García,325.05
TRX-10801,2023-11-18,Vino Chardonnay,9,7335.85,CLI-593,San Juan,App Mobile,Marta Gómez,923.15
TRX-11288,2023-08-04,Vino Malbec,23,4894.33,CLI-915,Catamarca,Tarjeta de Crédito,Luis Rodriguez,257.02
TRX-11558,2023-12-28,Vino Blend,9,11464.81,CLI-577,San Juan,Transferencia,Soporte Ventas,864.34
TRX-12337,2023-03-28,Vino Blend,13,2623.53,CLI-1438,Neuquén,App Mobile,Marta Gómez,728.98
TRX-12480,2023-07-28,Vino Rosado,24,10602.49,CLI-1067,Mendoza,App Mobile,Ana García,435.91
TRX-11632,2023-10-03,Vino Malbec,9,8023.07,CLI-1230,La Rioja,Efectivo,Marta Gómez,1327.41
TRX-12383,2023-12-11,Syrah,24,6008.81,CLI-1373,Salta,,Luis Rodriguez,912.11
TRX-10256,2023-11-29,Vino Malbec,9,5956.04,CLI-612,Salta,Efectivo,Marta Gómez,609.79
TRX-11892,2024-03-12,Vino Malbec,2,7369.05,CLI-1140,Catamarca,Efectivo,Luis Rodriguez,375.72
TRX-12229,2023-04-29,Vino Blend,10,4826.08,CLI-1308,Salta,Transferencia,Juan Pérez,824.34
TRX-11151,2023-03-09,Vino Rosado,18,3910.68,CLI-813,Catamarca,Transferencia,Luis Rodriguez,966.96
TRX-12366,2023-08-21,Vino Rosado,17,10899.36,CLI-843,Salta,Tarjeta de Crédito,Marta Gómez,1494.91
TRX-10647,2023-03-21,Vino Chardonnay,1,11155.84,CLI-1172,La Rioja,Efectivo,Ana García,805.79
TRX-10140,2023-04-09,Vino Rosado,24,9325.4,CLI-1355,San Juan,Efectivo,Juan Pérez,1374.33
TRX-11612,2024-02-06,Vino Rosado,1,3376.61,CLI-1330,Salta,Tarjeta de Crédito,Luis Rodriguez,1399.0
TRX-11805,2024-03-22,Bonarda,8,6863.0,CLI-1328,San Juan,Tarjeta de Crédito,Luis Rodriguez,1089.3
TRX-11985,2023-07-26,Bonarda,23,9055.61,CLI-566,Neuquén,,Juan Pérez,227.54
TRX-11789,2023-12-05,Vino Chardonnay,13,2105.16,CLI-1447,San Juan,Tarjeta de Crédito,Soporte Ventas,417.08
TRX-10024,2024-01-03,Vino Blend,15,9041.53,CLI-747,Neuquén,Tarjeta de Crédito,Soporte Ventas,958.28
TRX-11315,2023-12-04,Cabernet Sauvignon,19,5743.23,CLI-708,Mendoza,App Mobile,Soporte Ventas,1017.23
TRX-11088,2023-07-07,Vino Chardonnay,14,5541.4,CLI-1228,Catamarca,,Ana García,397.64
TRX-12062,2024-01-09,Bonarda,1,3060.56,CLI-1285,Mendoza,Efectivo,Luis Rodriguez,1492.65
TRX-10932,2024-02-11,Vino Chardonnay,12,7152.04,CLI-1459,Neuquén,Tarjeta de Crédito,Juan Pérez,1236.09
TRX-11933,2024-01-14,Syrah,17,2016.12,CLI-540,San Juan,,Marta Gómez,498.52
TRX-11350,2023-07-11,Vino Blend,5,6565.63,CLI-725,San Juan,Tarjeta de Crédito,Marta Gómez,1019.57
TRX-11511,2024-01-27,Syrah,19,11724.54,CLI-1467,Salta,,Ana García,1453.73
TRX-10112,2023-03-18,Vino Chardonnay,3,6871.73,CLI-1054,Catamarca,,Soporte Ventas,859.85
TRX-10793,2023-04-01,Vino Rosado,24,2563.54,CLI-914,La Rioja,,Soporte Ventas,844.15
TRX-10263,2023-03-22,Vino Blend,8,11837.54,CLI-697,La Rioja,Transferencia,Juan Pérez,1118.69
TRX-11393,2023-08-20,Cabernet Sauvignon,14,10447.58,CLI-1239,Salta,Tarjeta de Crédito,Ana García,906.28
TRX-11982,2023-05-03,Espumante,17,5009.9,CLI-1230,Neuquén,App Mobile,Luis Rodriguez,1252.97
TRX-11186,2023-02-28,Vino Rosado,23,8538.19,CLI-801,Mendoza,App Mobile,Marta Gómez,822.59
TRX-12417,2023-09-26,Syrah,5,8874.91,CLI-1080,La Rioja,Tarjeta de Crédito,Marta Gómez,627.79
TRX-10056,2023-08-10,Espumante,24,9120.5,CLI-1387,La Rioja,App Mobile,Soporte Ventas,471.51
TRX-11309,2023-06-26,Vino Malbec,12,1525.43,CLI-720,La Rioja,App Mobile,Luis Rodriguez,600.47
TRX-10695,2023-05-19,Espumante,9,3018.0,CLI-1380,La Rioja,Tarjeta de Crédito,Soporte Ventas,294.02
TRX-11570,2023-10-11,Bonarda,5,5755.06,CLI-1447,Catamarca,Tarjeta de Crédito,Ana García,1486.31
TRX-12060,2023-10-21,Vino Rosado,6,2936.05,CLI-583,La Rioja,Transferencia,Ana García,1345.2
TRX-12314,2023-04-29,Bonarda,18,4857.69,CLI-998,Mendoza,,Juan Pérez,657.55
TRX-11884,2023-07-15,Vino Rosado,6,10952.2,CLI-1344,San Juan,Tarjeta de Crédito,Ana García,514.3
TRX-11831,2023-03-24,Vino Chardonnay,24,9628.22,CLI-1246,Neuquén,Tarjeta de Crédito,Juan Pérez,1270.36
TRX-10319,2023-09-11,Vino Blend,21,2326.7,CLI-1176,Neuquén,,Ana García,275.01
TRX-12351,2024-03-19,Syrah,16,4913.32,CLI-968,Salta,App Mobile,Juan Pérez,1014.08
TRX-11589,2023-12-18,Vino Rosado,21,10611.64,CLI-1059,Neuquén,Transferencia,Soporte Ventas,1205.57
TRX-10682,2023-08-16,Vino Rosado,3,4562.08,CLI-1243,Mendoza,Transferencia,Ana García,1026.25
TRX-12380,2023-01-01,Vino Malbec,3,11118.4,CLI-877,Mendoza,Transferencia,Luis Rodriguez,1224.96
TRX-10021,2023-01-27,Vino Rosado,5,11749.35,CLI-807,La Rioja,Tarjeta de Crédito,Soporte Ventas,763.22
TRX-10479,2024-03-10,Vino Blend,13,8188.74,CLI-536,San Juan,App Mobile,Juan Pérez,456.79
TRX-11137,2023-06-22,Vino Chardonnay,3,8976.58,CLI-704,Catamarca,Transferencia,Marta Gómez,1052.73
TRX-10719,2023-09-30,Espumante,9,3565.05,CLI-753,Catamarca,,Soporte Ventas,1437.51
TRX-10286,2023-07-01,Vino Blend,17,2286.26,CLI-1141,Salta,,Ana García,784.45
TRX-11992,2024-01-09,Cabernet Sauvignon,24,8107.77,CLI-1255,Catamarca,App Mobile,Luis Rodriguez,987.11
TRX-12185,2023-10-18,Vino Malbec,3,4608.72,CLI-826,NEUQUÉN,,Luis Rodriguez,338.21
TRX-12481,2023-11-12,Cabernet Sauvignon,18,5013.09,CLI-1000,San Juan,App Mobile,Ana García,276.22
TRX-11813,2023-08-23,,3,8161.09,CLI-1315,La Rioja,Transferencia,Luis Rodriguez,994.23
TRX-11809,2023-03-07,Syrah,15,7144.92,CLI-997,Salta,App Mobile,Juan Pérez,1276.44
TRX-11346,2024-01-30,Vino Chardonnay,24,9998.64,CLI-1487,Salta,Tarjeta de Crédito,Juan Pérez,366.81
TRX-11598,2023-10-31,Vino Malbec,15,2220.42,CLI-1125,San Juan,Tarjeta de Crédito,Juan Pérez,204.27
TRX-11690,2023-06-27,Bonarda,12,3132.36,CLI-1194,Salta,Tarjeta de Crédito,Ana García,963.54
TRX-12143,2023-05-02,Cabernet Sauvignon,1,8418.04,CLI-564,Catamarca,,Ana García,1497.31
TRX-10736,2023-10-22,Vino Malbec,20,10827.0,CLI-1148,La Rioja,,Marta Gómez,862.65
TRX-12399,2023-06-12,Syrah,24,4173.95,CLI-683,San Juan,Efectivo,Ana García,803.28
TRX-10336,2023-10-07,Vino Blend,8,8318.9,CLI-1310,Catamarca,Efectivo,Luis Rodriguez,475.11
TRX-12450,2023-05-18,Bonarda,12,10307.43,CLI-1293,Neuquén,Tarjeta de Crédito,Luis Rodriguez,337.76
TRX-10115,2023-01-29,Vino Blend,6,3520.04,CLI-1451,Salta,,Marta Gómez,488.56
TRX-11352,2023-07-07,Vino Chardonnay,11,3825.49,CLI-905,San Juan,Transferencia,Marta Gómez,1372.71
TRX-10510,2023-05-31,Espumante,21,10760.91,CLI-558,Catamarca,App Mobile,Ana García,1048.24
TRX-11071,2023-10-11,Espumante,12,7690.75,CLI-1302,Neuquén,App Mobile,Soporte Ventas,904.29
TRX-12355,2024-02-11,Vino Blend,2,7842.54,CLI-680,Catamarca,Efectivo,Marta Gómez,373.13
TRX-11763,2024-02-09,Espumante,17,2140.16,CLI-738,Neuquén,Transferencia,Luis Rodriguez,1366.75
TRX-12356,2023-08-25,Espumante,11,9436.39,CLI-703,Salta,Transferencia,Juan Pérez,1163.06
TRX-12064,2023-03-31,Bonarda,14,7542.85,CLI-511,San Juan,App Mobile,Juan Pérez,411.2
TRX-10603,2024-03-02,Vino Blend,4,8891.7,CLI-820,San Juan,Tarjeta de Crédito,Marta Gómez,1186.47
TRX-10081,2023-06-22,Espumante,22,6608.22,CLI-1352,La Rioja,Efectivo,Marta Gómez,1479.66
TRX-10973,2023-02-22,Espumante,3,11575.49,CLI-839,Salta,Transferencia,Marta Gómez,1283.46
TRX-11488,2023-01-03,Espumante,11,8955.79,CLI-1350,Catamarca,App Mobile,Juan Pérez,1139.54
TRX-10498,19/09/2023,Syrah,22,11943.01,CLI-575,Salta,,Juan Pérez,435.76
TRX-10760,2023-06-16,Vino Rosado,3,6858.25,CLI-1482,Catamarca,Transferencia,Marta Gómez,342.46
TRX-12016,2023-04-04,Espumante,23,2457.96,CLI-1328,Neuquén,App Mobile,Marta Gómez,411.7
TRX-10714,2023-11-07,Vino Malbec,7,1677.42,CLI-1072,La Rioja,Tarjeta de Crédito,Juan Pérez,860.83
TRX-12405,2023-03-16,Vino Blend,22,5358.45,CLI-1178,Salta,Efectivo,Luis Rodriguez,1026.23
TRX-10406,2023-08-11,Syrah,15,3454.41,CLI-641,Mendoza,Transferencia,Juan Pérez,555.83
TRX-11239,2023-03-06,,1,11584.0,CLI-971,Catamarca,App Mobile,Ana García,1302.06
TRX-12190,2023-12-05,Bonarda,6,2888.75,CLI-1171,La Rioja,Tarjeta de Crédito,Soporte Ventas,335.66
TRX-11610,2023-01-20,Vino Malbec,16,11331.94,CLI-1500,Mendoza,App Mobile,Marta Gómez,454.77
TRX-12217,2024-02-12,Vino Blend,23,10777.71,CLI-811,Mendoza,,Soporte Ventas,455.39
TRX-12343,2024-01-09,Espumante,8,4921.54,CLI-636,La Rioja,,Juan Pérez,1064.29
TRX-12101,18/01/2023,Vino Rosado,13,9631.59,CLI-905,Salta,Efectivo,Luis Rodriguez,1362.35
TRX-11022,2024-03-08,Vino Malbec,20,6822.55,CLI-1270,San Juan,App Mobile,Luis Rodriguez,1338.99
TRX-12347,2023-12-23,Vino Chardonnay,18,11280.95,CLI-1436,San Juan,,Ana García,1017.96
TRX-10863,2023-10-29,Syrah,16,4075.58,CLI-622,Catamarca,Transferencia,Marta Gómez,1358.8
TRX-12074,2024-02-19,Vino Malbec,24,3371.66,CLI-924,Mendoza,App Mobile,Juan Pérez,531.33
TRX-10619,2023-12-08,Cabernet Sauvignon,20,5327.3,CLI-721,Salta,Efectivo,Luis Rodriguez,523.01
TRX-12304,2023-06-29,Cabernet Sauvignon,18,10211.82,CLI-636,San Juan,Transferencia,Marta Gómez,253.84
TRX-10665,2023-11-25,Vino Rosado,7,8901.15,CLI-738,Catamarca,App Mobile,Luis Rodriguez,1452.09
TRX-10146,2023-07-09,Vino Blend,6,4039.38,CLI-980,San Juan,App Mobile,Ana García,1344.03
TRX-10882,2023-02-21,Vino Rosado,20,6898.72,CLI-1182,Mendoza,App Mobile,Luis Rodriguez,1097.53
TRX-12004,2023-09-16,Vino Malbec,20,8805.29,CLI-829,La Rioja,,Marta Gómez,509.41
TRX-11605,2023-04-26,Vino Blend,20,11424.27,CLI-1040,San Juan,Transferencia,Soporte Ventas,1296.49
TRX-12227,2023-08-26,Vino Blend,12,9990.52,CLI-886,San Juan,Transferencia,Soporte Ventas,347.47
TRX-11017,2024-01-17,Vino Blend,2,11407.39,CLI-744,Catamarca,Tarjeta de Crédito,Juan Pérez,986.8
TRX-10557,2023-05-11,Vino Malbec,19,9070.32,CLI-1356,San Juan,Transferencia,Ana García,1079.65
TRX-12465,2023-03-16,Espumante,19,10696.06,CLI-824,Salta,App Mobile,Juan Pérez,485.0
TRX-11207,2023-08-16,Espumante,23,3846.01,CLI-1105,La Rioja,App Mobile,Luis Rodriguez,1437.49
TRX-12083,2023-08-29,Espumante,2,5265.82,CLI-1044,Salta,Efectivo,Marta Gómez,1373.52
TRX-11540,2023-04-28,Vino Chardonnay,22,,CLI-1497,La Rioja,,Juan Pérez,841.36
TRX-12195,2024-03-01,Vino Chardonnay,23,8611.67,CLI-743,San Juan,,Luis Rodriguez,1142.85
TRX-11510,2024-01-26,Vino Blend,21,3513.72,CLI-996,San Juan,Transferencia,Juan Pérez,506.45
TRX-12020,2023-03-02,Vino Blend,11,11321.42,CLI-1129,Salta,Efectivo,Juan Pérez,1488.52
TRX-11684,2023-07-21,Syrah,5,9926.85,CLI-558,La Rioja,,Luis Rodriguez,1175.75
TRX-10245,2024-02-07,Cabernet Sauvignon,20,6413.33,CLI-740,Mendoza,Tarjeta de Crédito,Soporte Ventas,1030.77
TRX-11163,2024-02-14,Vino Blend,4,9530.33,CLI-1231,Catamarca,Tarjeta de Crédito,Luis Rodriguez,724.24
TRX-12403,2023-12-05,Syrah,13,3626.73,CLI-1340,Mendoza,,Soporte Ventas,293.85
TRX-11708,2024-02-21,Vino Blend,7,2020.73,CLI-805,Catamarca,App Mobile,Juan Pérez,1350.99
TRX-10266,2023-08-22,Vino Chardonnay,8,11532.39,CLI-1464,La Rioja,Tarjeta de Crédito,Juan Pérez,805.35
TRX-12431,2023-06-30,,15,7310.79,CLI-759,Catamarca,App Mobile,Luis Rodriguez,879.05
TRX-11114,2023-09-15,Espumante,5,3472.3,CLI-1381,La Rioja,Tarjeta de Crédito,Ana García,1407.94
TRX-10063,2023-11-28,Cabernet Sauvignon,2,11688.96,CLI-871,SALTA,,Ana García,991.04
TRX-11945,2023-11-24,Vino Blend,10,1500.94,CLI-830,San Juan,Transferencia,Luis Rodriguez,681.95
TRX-10163,2023-10-14,Bonarda,2,7776.96,CLI-555,Catamarca,Efectivo,Luis Rodriguez,302.79
TRX-12230,2023-07-02,Cabernet Sauvignon,8,2473.16,CLI-533,San Juan,Efectivo,Ana García,427.56
TRX-10656,2023-01-24,Bonarda,5,2114.57,CLI-694,Mendoza,Transferencia,Ana García,771.29
TRX-10516,2024-03-02,Vino Malbec,24,1674.32,CLI-882,San Juan,,Juan Pérez,829.17
TRX-11307,2024-01-06,Vino Chardonnay,5,1738.26,CLI-628,San Juan,Efectivo,Juan Pérez,1094.96
TRX-11966,2023-05-25,Cabernet Sauvignon,7,10336.71,CLI-1066,La Rioja,App Mobile,Ana García,812.05
TRX-10998,2023-10-01,Cabernet Sauvignon,7,3055.53,CLI-1246,San Juan,Transferencia,Marta Gómez,851.12
TRX-12323,2023-11-05,Vino Blend,12,7238.12,CLI-501,La Rioja,App Mobile,Marta Gómez,1179.98
TRX-12121,2023-03-03,Vino Malbec,11,3071.37,CLI-601,Salta,Tarjeta de Crédito,Luis Rodriguez,568.94
TRX-11752,2023-12-23,Bonarda,19,10989.21,CLI-759,San Juan,App Mobile,Marta Gómez,1382.94
TRX-12307,2023-06-04,Vino Blend,12,5259.63,CLI-631,Mendoza,Efectivo,Luis Rodriguez,1235.31
TRX-11237,2023-11-19,Vino Malbec,19,9275.03,CLI-1309,Mendoza,Transferencia,Soporte Ventas,1118.07
TRX-10103,2023-10-08,Vino Malbec,21,7165.19,CLI-1006,San Juan,Transferencia,Ana García,812.75
TRX-11122,2023-11-16,Syrah,11,9869.79,CLI-1225,San Juan,App Mobile,Marta Gómez,904.84
TRX-10272,2023-08-07,Vino Rosado,15,6306.26,CLI-1016,Neuquén,Tarjeta de Crédito,Ana García,1323.99
TRX-10508,2024-01-28,Syrah,19,4274.96,CLI-1421,Neuquén,Efectivo,Juan Pérez,673.17
TRX-12290,2023-08-13,Espumante,12,9602.62,CLI-1084,Mendoza,Efectivo,Luis Rodriguez,828.93
TRX-10995,2024-02-07,Espumante,7,,CLI-695,La Rioja,,Luis Rodriguez,740.21
TRX-11744,2023-03-16,Vino Malbec,17,10046.89,CLI-653,San Juan,Tarjeta de Crédito,Juan Pérez,563.82
TRX-10865,2023-04-27,Cabernet Sauvignon,4,11615.06,CLI-686,Catamarca,Efectivo,Ana García,1108.03
TRX-11447,2023-06-30,Vino Rosado,22,3579.69,CLI-1146,SALTA,App Mobile,Soporte Ventas,1246.94
TRX-10908,2023-04-10,Vino Chardonnay,17,8628.15,CLI-1008,La Rioja,,Juan Pérez,380.24
TRX-12174,2023-10-28,Bonarda,2,,CLI-1128,Salta,,Soporte Ventas,279.23
TRX-11660,2023-05-23,Vino Malbec,9,10973.75,CLI-1053,San Juan,Efectivo,Marta Gómez,919.68
TRX-11303,2023-04-01,Bonarda,7,9829.72,CLI-783,Mendoza,Efectivo,Ana García,1313.38
TRX-11627,2023-09-20,Syrah,7,11592.23,CLI-1153,Mendoza,,Ana García,845.48
TRX-11408,2023-11-10,Syrah,2,7883.05,CLI-1136,Mendoza,Transferencia,Soporte Ventas,1459.14
TRX-11522,2023-05-14,Vino Blend,5,4809.39,CLI-556,Catamarca,App Mobile,Ana García,1203.94
TRX-10835,2023-08-20,Espumante,14,6697.67,CLI-569,Neuquén,Tarjeta de Crédito,Ana García,1125.96
TRX-10358,2023-04-17,Vino Chardonnay,24,7146.32,CLI-962,Catamarca,,Marta Gómez,396.1
TRX-10138,2023-04-09,Vino Chardonnay,2,8103.87,CLI-637,Mendoza,App Mobile,Luis Rodriguez,358.7
TRX-10299,2023-06-03,Bonarda,4,9075.51,CLI-926,San Juan,Transferencia,Ana García,1385.84
TRX-11556,2023-02-09,Cabernet Sauvignon,23,7002.81,CLI-1176,Salta,Transferencia,Juan Pérez,413.43
TRX-11003,2024-01-26,Syrah,20,1702.49,CLI-1471,Neuquén,Tarjeta de Crédito,Marta Gómez,1046.03
TRX-10382,2023-10-03,Bonarda,6,10682.49,CLI-659,Catamarca,Tarjeta de Crédito,Marta Gómez,1165.7
TRX-10941,2023-09-30,Espumante,4,2000.19,CLI-817,Catamarca,App Mobile,Juan Pérez,866.21
TRX-11064,2024-03-19,Bonarda,12,4172.61,CLI-877,Salta,Transferencia,Soporte Ventas,940.64
TRX-11520,2023-10-16,Syrah,3,5402.21,CLI-688,La Rioja,Efectivo,Ana García,1271.74
TRX-10761,2023-12-31,Vino Malbec,1,1641.66,CLI-1169,Mendoza,Transferencia,Soporte Ventas,828.78
TRX-11798,2023-05-25,Vino Malbec,3,11924.94,CLI-1294,La Rioja,App Mobile,Marta Gómez,1268.56
TRX-11977,2023-11-13,Vino Chardonnay,20,11625.38,CLI-1482,LA RIOJA,,Luis Rodriguez,271.21
TRX-11439,2023-04-23,Vino Rosado,19,4286.2,CLI-1124,Salta,,Soporte Ventas,1271.62
TRX-12146,2023-09-18,Vino Malbec,24,11603.22,CLI-1451,La Rioja,,Marta Gómez,943.11
TRX-12259,2023-10-07,Vino Blend,18,2810.96,CLI-1439,Mendoza,Efectivo,Luis Rodriguez,394.5
TRX-10898,2023-10-28,Vino Malbec,4,6047.37,CLI-889,Mendoza,App Mobile,Marta Gómez,653.43
TRX-10946,2023-10-23,Vino Rosado,9,3221.21,CLI-710,San Juan,Efectivo,Juan Pérez,1101.98
TRX-12279,2024-01-30,Vino Chardonnay,12,3986.98,CLI-920,San Juan,Tarjeta de Crédito,Luis Rodriguez,1147.54
TRX-11402,2023-02-27,Vino Chardonnay,19,6724.54,CLI-826,Mendoza,Transferencia,Soporte Ventas,839.68
TRX-12111,2024-03-09,Bonarda,17,8270.26,CLI-1460,Neuquén,Transferencia,Juan Pérez,907.22
TRX-10364,2023-08-15,Bonarda,2,3942.72,CLI-1469,Mendoza,Efectivo,Luis Rodriguez,210.12
TRX-10673,2023-09-19,Bonarda,23,8111.4,CLI-929,Catamarca,Tarjeta de Crédito,Marta Gómez,389.4
TRX-10304,2023-05-22,Vino Chardonnay,2,7977.21,CLI-517,La Rioja,App Mobile,Juan Pérez,663.97
TRX-11512,2023-11-21,Vino Rosado,22,10723.67,CLI-1299,Neuquén,,Marta Gómez,1320.15
TRX-11188,2024-03-12,Vino Blend,1,9251.03,CLI-737,Neuquén,Transferencia,Marta Gómez,542.37
TRX-11092,2023-04-28,Vino Blend,16,9988.08,CLI-1436,San Juan,App Mobile,Soporte Ventas,917.77
TRX-12107,2023-05-22,Syrah,18,3055.61,CLI-570,San Juan,Tarjeta de Crédito,Marta Gómez,747.88
TRX-11301,2023-09-04,Vino Rosado,2,9109.1,CLI-512,Catamarca,Tarjeta de Crédito,Ana García,1057.16
TRX-11007,2024-01-06,Vino Malbec,10,11683.69,CLI-888,Mendoza,,Ana García,323.24
TRX-10194,2023-07-26,Bonarda,18,10268.13,CLI-1491,Mendoza,Transferencia,Ana García,519.88
TRX-10108,2024-01-17,Cabernet Sauvignon,19,3815.62,CLI-524,Catamarca,Tarjeta de Crédito,Juan Pérez,355.62
TRX-11523,2024-03-07,Bonarda,11,3814.64,CLI-1100,San Juan,Transferencia,Soporte Ventas,382.25
TRX-12373,2023-05-13,Cabernet Sauvignon,11,2338.82,CLI-1175,Neuquén,,Soporte Ventas,1349.02
TRX-11959,2023-02-21,Espumante,6,8315.47,CLI-627,La Rioja,Tarjeta de Crédito,Luis Rodriguez,203.07
TRX-10058,2023-05-21,Bonarda,17,10416.91,CLI-883,Catamarca,Transferencia,Luis Rodriguez,1058.74
TRX-10076,2023-05-04,Vino Blend,2,5592.95,CLI-1489,La Rioja,Efectivo,Luis Rodriguez,241.18
TRX-10796,2023-06-20,Espumante,16,8980.22,CLI-723,San Juan,Efectivo,Soporte Ventas,1118.42
TRX-10368,2023-12-13,Cabernet Sauvignon,22,4574.64,CLI-530,Catamarca,Tarjeta de Crédito,Marta Gómez,592.37
TRX-10200,2023-04-19,Bonarda,19,10810.12,CLI-1334,Catamarca,App Mobile,Marta Gómez,879.78
TRX-10785,2023-05-18,Syrah,17,11888.35,CLI-684,Neuquén,,Juan Pérez,1285.99
TRX-12108,2023-07-26,Espumante,14,9393.52,CLI-681,Catamarca,Transferencia,Ana García,714.38
TRX-12148,2024-03-02,Vino Blend,17,4371.95,CLI-1064,Salta,Efectivo,Soporte Ventas,967.6
TRX-12055,2024-01-20,Cabernet Sauvignon,21,11174.38,CLI-831,Catamarca,Transferencia,Juan Pérez,807.35
TRX-12084,2023-04-30,Vino Blend,11,9720.42,CLI-1319,San Juan,Transferencia,Marta Gómez,686.18
TRX-12168,21/10/2023,,6,10577.55,CLI-516,La Rioja,Efectivo,Ana García,912.05
TRX-10169,2023-02-01,Espumante,5,2847.76,CLI-884,Mendoza,Tarjeta de Crédito,Marta Gómez,832.09
TRX-12059,2023-11-15,Bonarda,8,6986.65,CLI-998,Catamarca,Tarjeta de Crédito,Soporte Ventas,628.02
TRX-11796,2023-03-18,Vino Blend,9,11381.19,CLI-761,La Rioja,App Mobile,Soporte Ventas,233.58
TRX-10121,2023-07-25,Vino Malbec,3,2623.77,CLI-1182,La Rioja,Transferencia,Luis Rodriguez,537.32
TRX-11946,2023-12-18,Vino Malbec,10,3700.58,CLI-849,Salta,,Soporte Ventas,260.79
TRX-12434,2023-07-05,Espumante,18,8080.94,CLI-1146,Mendoza,App Mobile,Luis Rodriguez,742.63
TRX-10244,2024-02-18,Syrah,9,1771.61,CLI-1257,Salta,Transferencia,Marta Gómez,938.62
TRX-10910,2023-08-10,Vino Chardonnay,10,6337.87,CLI-728,La Rioja,App Mobile,Juan Pérez,372.38
TRX-10124,2023-05-21,Cabernet Sauvignon,9,8823.42,CLI-939,Mendoza,Tarjeta de Crédito,Juan Pérez,347.19
TRX-12052,2023-06-28,Bonarda,24,11825.26,CLI-952,Salta,Efectivo,Ana García,675.29
TRX-11586,2023-01-10,Vino Blend,16,3903.97,CLI-776,La Rioja,Efectivo,Soporte Ventas,861.38
TRX-11257,2023-05-01,Syrah,22,10870.91,CLI-1463,La Rioja,Transferencia,Ana García,909.85
TRX-10447,2023-01-08,Vino Rosado,19,5397.79,CLI-1371,Catamarca,Tarjeta de Crédito,Juan Pérez,1375.79
TRX-10362,2024-03-07,Vino Malbec,16,1808.73,CLI-615,Salta,App Mobile,Juan Pérez,904.01
TRX-11453,2023-03-16,Vino Chardonnay,24,5447.42,CLI-1110,San Juan,App Mobile,Luis Rodriguez,1039.53
TRX-11178,2023-03-01,Vino Malbec,16,2003.96,CLI-1238,La Rioja,Efectivo,Marta Gómez,875.52
TRX-11689,2023-04-08,Espumante,5,2407.9,CLI-1279,Catamarca,Tarjeta de Crédito,Marta Gómez,1376.52
TRX-12453,2023-02-04,Cabernet Sauvignon,14,8911.85,CLI-1128,San Juan,Tarjeta de Crédito,Soporte Ventas,1313.69
TRX-10556,2023-05-30,Vino Blend,7,7505.82,CLI-641,Mendoza,Transferencia,Soporte Ventas,1116.95
TRX-12400,2023-04-22,Syrah,14,8250.28,CLI-1066,La Rioja,Tarjeta de Crédito,Soporte Ventas,1289.69
TRX-12163,2023-11-16,Vino Rosado,19,4878.1,CLI-1047,San Juan,Efectivo,Soporte Ventas,1353.65
TRX-10442,03/03/2023,Espumante,22,11016.63,CLI-1108,Salta,,Juan Pérez,1497.35
TRX-12008,2023-11-27,Vino Rosado,12,10639.05,CLI-1221,Neuquén,,Soporte Ventas,1443.78
TRX-11399,2024-02-09,Vino Rosado,3,,CLI-1182,La Rioja,Efectivo,Luis Rodriguez,696.99
TRX-10925,2023-10-28,Bonarda,9,10096.76,CLI-1355,SALTA,App Mobile,Soporte Ventas,424.04
TRX-12397,2024-03-24,Vino Chardonnay,11,2917.49,CLI-1492,San Juan,Tarjeta de Crédito,Marta Gómez,835.02
TRX-12205,2023-09-27,Syrah,8,7418.92,CLI-926,San Juan,Tarjeta de Crédito,Luis Rodriguez,914.23
TRX-11648,2023-06-19,Vino Blend,12,5283.22,CLI-1170,San Juan,Tarjeta de Crédito,Marta Gómez,318.23
TRX-11411,2023-11-27,Vino Malbec,3,10993.8,CLI-1373,Salta,Tarjeta de Crédito,Luis Rodriguez,1155.65
TRX-11054,2023-03-18,Cabernet Sauvignon,2,3040.73,CLI-1279,San Juan,App Mobile,Juan Pérez,1089.16
TRX-12012,2023-12-20,Bonarda,5,9628.45,CLI-963,Mendoza,Efectivo,Juan Pérez,963.01
TRX-11509,2023-10-26,Vino Rosado,9,10385.68,CLI-1142,Mendoza,App Mobile,Ana García,255.66
TRX-11227,2024-01-11,Vino Malbec,24,4113.09,CLI-726,Salta,Transferencia,Soporte Ventas,363.94
TRX-11463,2023-01-21,Vino Blend,13,8789.66,CLI-1096,Catamarca,Transferencia,Marta Gómez,356.68
TRX-12420,2023-04-12,Syrah,16,8096.28,CLI-566,Catamarca,,Soporte Ventas,1174.82
TRX-11711,2023-07-22,Vino Blend,19,5492.98,CLI-640,Mendoza,Efectivo,Luis Rodriguez,960.23
TRX-12209,2023-08-02,Vino Blend,4,3160.6,CLI-653,Salta,Tarjeta de Crédito,Juan Pérez,743.64
TRX-11415,2023-04-01,Vino Chardonnay,11,1503.56,CLI-1262,Catamarca,,Luis Rodriguez,896.67
TRX-10324,2023-07-05,Espumante,9,2538.49,CLI-1164,Salta,Efectivo,Marta Gómez,902.99
TRX-10575,2023-01-04,Bonarda,1,10370.8,CLI-848,Mendoza,,Ana García,225.62
TRX-12386,2023-02-05,Vino Rosado,16,6955.42,CLI-1036,Catamarca,Efectivo,Juan Pérez,240.31
TRX-12006,2023-09-29,Espumante,6,1661.93,CLI-1065,Salta,App Mobile,Luis Rodriguez,550.44
TRX-10394,2023-10-16,Syrah,22,7877.74,CLI-809,MENDOZA,Efectivo,Juan Pérez,1419.22
TRX-10125,2024-01-04,Vino Rosado,14,4594.88,CLI-1463,San Juan,,Juan Pérez,1252.78
TRX-11498,2024-01-31,Vino Blend,19,7818.64,CLI-898,Salta,App Mobile,Luis Rodriguez,466.27
TRX-11502,2023-12-27,Espumante,22,1825.74,CLI-1478,San Juan,Tarjeta de Crédito,Luis Rodriguez,1094.21
TRX-11006,2023-11-22,Syrah,7,9896.91,CLI-1215,Salta,Transferencia,Marta Gómez,1094.31
TRX-12254,2023-10-14,Bonarda,16,5154.05,CLI-579,Salta,,Luis Rodriguez,244.42
TRX-11442,2023-12-29,Cabernet Sauvignon,19,6205.33,CLI-1129,Salta,App Mobile,Luis Rodriguez,1023.73
TRX-10913,2024-03-09,Vino Blend,11,8099.73,CLI-1303,Catamarca,Efectivo,Soporte Ventas,666.57
TRX-11467,2023-02-11,Vino Rosado,13,6181.16,CLI-537,La Rioja,,Marta Gómez,432.2
TRX-11225,2024-01-23,Vino Malbec,20,10457.42,CLI-658,Catamarca,App Mobile,Ana García,435.85
TRX-11692,2023-02-24,Vino Chardonnay,15,8122.83,CLI-1098,Catamarca,,Marta Gómez,561.18
TRX-12228,2023-02-20,Syrah,4,4716.19,CLI-1298,Catamarca,,Luis Rodriguez,599.49
TRX-12331,2024-01-18,Vino Rosado,13,4487.59,CLI-940,Catamarca,App Mobile,Juan Pérez,687.99
TRX-12245,2023-03-06,Vino Rosado,18,8369.96,CLI-1105,La Rioja,,Juan Pérez,1122.36
TRX-11216,2023-01-15,Cabernet Sauvignon,10,10158.5,CLI-1404,Salta,App Mobile,Juan Pérez,1315.98
TRX-10832,2023-09-02,Vino Blend,1,5414.47,CLI-1473,San Juan,Transferencia,Juan Pérez,930.02
TRX-11591,2023-09-23,Syrah,16,9130.28,CLI-1115,San Juan,Efectivo,Juan Pérez,1014.72
TRX-10420,2023-10-15,,13,2360.53,CLI-1463,Catamarca,,Marta Gómez,752.19
TRX-11219,2023-12-24,Cabernet Sauvignon,8,11791.97,CLI-702,CATAMARCA,,Luis Rodriguez,956.67
TRX-10006,2023-09-30,Vino Rosado,8,,CLI-879,Salta,Tarjeta de Crédito,Marta Gómez,1480.13
TRX-10932,2024-02-11,Vino Chardonnay,12,7152.04,CLI-1459,Neuquén,Tarjeta de Crédito,Juan Pérez,1236.09
TRX-11691,2024-03-18,Vino Chardonnay,24,3437.32,CLI-644,Mendoza,Tarjeta de Crédito,Ana García,549.64
TRX-10439,2023-10-29,Vino Malbec,7,6454.38,CLI-725,Neuquén,Tarjeta de Crédito,Juan Pérez,1108.61
TRX-11313,2023-07-01,Vino Malbec,22,3393.22,CLI-1271,Neuquén,Tarjeta de Crédito,Soporte Ventas,394.95
TRX-10678,2023-06-19,Vino Malbec,6,3665.81,CLI-1265,Catamarca,Efectivo,Luis Rodriguez,1085.36
TRX-11403,2023-07-24,Bonarda,12,11848.95,CLI-1161,Mendoza,App Mobile,Marta Gómez,949.32
TRX-11635,2023-06-10,Vino Malbec,20,4895.46,CLI-1315,La Rioja,Tarjeta de Crédito,Juan Pérez,1374.23
TRX-11921,2023-11-24,Espumante,20,3621.36,CLI-1196,La Rioja,Transferencia,Marta Gómez,593.01
TRX-11848,2023-05-18,Vino Blend,6,8240.61,CLI-1279,Catamarca,App Mobile,Ana García,1475.39
TRX-12332,2024-03-02,Bonarda,15,7023.6,CLI-1062,Salta,Efectivo,Soporte Ventas,892.06
TRX-10559,2023-02-24,Vino Blend,12,2337.65,CLI-1353,San Juan,Efectivo,Soporte Ventas,392.07
TRX-12182,2023-03-09,Vino Chardonnay,13,5160.99,CLI-1007,Neuquén,Tarjeta de Crédito,Ana García,933.17
TRX-10359,2024-01-10,Vino Malbec,24,8760.21,CLI-652,Neuquén,Transferencia,Juan Pérez,862.51
TRX-11583,2023-04-19,Vino Malbec,20,8498.13,CLI-1278,Catamarca,Tarjeta de Crédito,Marta Gómez,488.64
TRX-11086,2023-02-25,Cabernet Sauvignon,13,4126.35,CLI-711,Catamarca,Tarjeta de Crédito,Ana García,463.56
TRX-12476,2023-10-22,Vino Blend,19,8877.53,CLI-676,San Juan,Efectivo,Juan Pérez,863.84
TRX-10846,2023-07-06,,3,6557.86,CLI-1102,Neuquén,,Juan Pérez,429.29
TRX-11195,2023-11-07,Vino Rosado,7,7843.84,CLI-1325,Neuquén,,Juan Pérez,885.99
TRX-11179,2023-10-22,Bonarda,17,10402.89,CLI-1400,Salta,App Mobile,Luis Rodriguez,334.56
TRX-10194,2023-07-26,Bonarda,18,10268.13,CLI-1491,Mendoza,Transferencia,Ana García,519.88
TRX-11474,2023-01-09,Espumante,1,3578.1,CLI-1288,Catamarca,Tarjeta de Crédito,Luis Rodriguez,840.4
TRX-11823,2023-03-19,Espumante,1,4150.27,CLI-671,La Rioja,Efectivo,Marta Gómez,887.24
TRX-12201,2023-03-16,Vino Malbec,21,2040.12,CLI-519,Catamarca,Tarjeta de Crédito,Juan Pérez,396.52
TRX-11211,2024-02-27,Espumante,7,4299.62,CLI-670,Mendoza,Efectivo,Juan Pérez,1239.83
TRX-11537,2023-09-22,Vino Blend,4,2199.17,CLI-1241,Catamarca,Transferencia,Soporte Ventas,491.59
TRX-11657,2023-12-23,Vino Chardonnay,14,6267.35,CLI-1074,Neuquén,Tarjeta de Crédito,Ana García,1427.7
TRX-10072,2023-03-01,Vino Blend,4,4114.81,CLI-1121,Mendoza,Tarjeta de Crédito,Ana García,1373.29
TRX-10374,2023-09-16,Cabernet Sauvignon,18,5394.33,CLI-1113,La Rioja,App Mobile,Soporte Ventas,1146.13
TRX-11452,2024-02-20,Cabernet Sauvignon,24,8569.46,CLI-1379,La Rioja,Efectivo,Soporte Ventas,706.5
TRX-11179,2023-10-22,Bonarda,17,10402.89,CLI-1400,Salta,App Mobile,Luis Rodriguez,334.56
TRX-11948,2023-09-01,Syrah,23,10396.48,CLI-1313,Neuquén,Tarjeta de Crédito,Luis Rodriguez,1157.94
TRX-12497,2023-11-08,Vino Chardonnay,3,4694.97,CLI-512,Catamarca,App Mobile,Soporte Ventas,744.75
TRX-11130,2023-12-30,Cabernet Sauvignon,11,10039.93,CLI-1237,Mendoza,Efectivo,Luis Rodriguez,1016.39
TRX-11461,2023-11-29,Vino Malbec,7,10376.79,CLI-735,La Rioja,Tarjeta de Crédito,Marta Gómez,1438.05
TRX-10276,2023-01-19,Espumante,21,6548.9,CLI-988,La Rioja,Transferencia,Soporte Ventas,1151.57
TRX-11819,2023-01-07,Cabernet Sauvignon,16,8343.01,CLI-992,Mendoza,App Mobile,Ana García,1322.45
TRX-12286,2023-06-18,Syrah,9,3673.26,CLI-742,San Juan,App Mobile,Soporte Ventas,706.65
TRX-12396,2023-01-12,Bonarda,17,6568.14,CLI-1024,San Juan,App Mobile,Juan Pérez,1086.93
TRX-12361,2024-02-13,Cabernet Sauvignon,24,9980.55,CLI-1144,San Juan,Efectivo,Marta Gómez,840.76
TRX-11302,2024-01-12,Bonarda,10,8254.45,CLI-963,Mendoza,Tarjeta de Crédito,Ana García,386.2
TRX-10920,2024-02-11,Vino Malbec,21,11596.58,CLI-1385,Catamarca,Tarjeta de Crédito,Luis Rodriguez,1343.73
TRX-10222,2024-02-18,Syrah,21,3658.04,CLI-935,Neuquén,App Mobile,Luis Rodriguez,1104.12
TRX-11150,2024-01-06,Cabernet Sauvignon,7,2646.06,CLI-599,Neuquén,Tarjeta de Crédito,Juan Pérez,456.65
TRX-12030,2023-09-05,Vino Chardonnay,22,5400.05,CLI-844,Mendoza,App Mobile,Ana García,1355.25
TRX-10573,2023-02-21,Cabernet Sauvignon,24,1938.6,CLI-1337,San Juan,,Ana García,1130.57
TRX-11236,2024-03-18,Espumante,4,1628.79,CLI-1219,San Juan,Transferencia,Ana García,1150.16
TRX-11380,2023-05-12,Vino Malbec,17,1553.54,CLI-1168,La Rioja,App Mobile,Juan Pérez,366.67
TRX-12193,2023-04-30,Vino Malbec,4,7684.27,CLI-664,La Rioja,App Mobile,Marta Gómez,1303.68
TRX-12344,2023-05-14,Vino Rosado,8,6024.66,CLI-1145,Catamarca,,Juan Pérez,411.26
TRX-11334,2023-08-08,Cabernet Sauvignon,16,10721.01,CLI-624,Neuquén,Transferencia,Ana García,768.54
TRX-11856,2023-08-03,Cabernet Sauvignon,23,,CLI-967,Salta,App Mobile,Soporte Ventas,505.79
TRX-11264,2024-03-20,Syrah,14,8480.57,CLI-789,Catamarca,Efectivo,Ana García,618.73
TRX-10418,2023-12-15,Espumante,4,5408.32,CLI-889,La Rioja,App Mobile,Marta Gómez,887.52
TRX-10267,2024-01-28,Bonarda,17,7259.31,CLI-1188,Neuquén,Efectivo,Ana García,421.7
TRX-11104,2023-09-07,Vino Malbec,21,4718.39,CLI-917,Catamarca,Efectivo,Juan Pérez,867.25
TRX-10257,2023-01-28,Vino Malbec,6,4441.76,CLI-692,San Juan,Transferencia,Ana García,940.29
TRX-10295,2023-02-02,Vino Blend,17,3022.89,CLI-766,Catamarca,,Marta Gómez,889.77
TRX-12426,2024-03-13,Syrah,1,8895.78,CLI-1430,Neuquén,Transferencia,Marta Gómez,700.01
TRX-10386,2024-02-27,Vino Malbec,24,6096.9,CLI-1419,Catamarca,Tarjeta de Crédito,Ana García,1305.25
TRX-11701,2023-03-11,Vino Blend,16,11765.18,CLI-1071,San Juan,Transferencia,Ana García,745.76
TRX-11628,2023-09-12,Espumante,6,7169.15,CLI-1029,Mendoza,Efectivo,Juan Pérez,1020.8
TRX-12295,2023-03-14,Cabernet Sauvignon,20,11379.16,CLI-788,Neuquén,Efectivo,Luis Rodriguez,628.8
TRX-12311,2023-10-03,Espumante,18,5100.47,CLI-688,Mendoza,App Mobile,Soporte Ventas,1069.29
TRX-10666,2024-03-20,Vino Malbec,23,10376.35,CLI-1407,Neuquén,App Mobile,Luis Rodriguez,1360.01
TRX-10453,2023-04-16,Cabernet Sauvignon,9,7306.02,CLI-702,Catamarca,Tarjeta de Crédito,Ana García,852.1
TRX-11941,2023-01-19,Bonarda,13,9832.84,CLI-992,Salta,,Luis Rodriguez,1197.7
TRX-10770,2024-03-04,Vino Rosado,14,10958.86,CLI-688,La Rioja,App Mobile,Juan Pérez,955.75
TRX-11563,2023-10-04,Vino Chardonnay,5,7634.1,CLI-1374,San Juan,App Mobile,Ana García,659.27
TRX-11996,2023-03-26,Vino Rosado,13,4845.08,CLI-571,Neuquén,,Soporte Ventas,692.46
TRX-11400,2024-02-15,Vino Malbec,2,4946.79,CLI-1302,San Juan,Efectivo,Luis Rodriguez,719.81
TRX-10712,2023-11-11,Syrah,19,10641.02,CLI-720,San Juan,Efectivo,Ana García,634.69
TRX-12414,2023-11-06,Vino Malbec,4,2764.38,CLI-1177,Catamarca,Tarjeta de Crédito,Ana García,885.78
TRX-10562,2023-04-03,Vino Blend,4,9762.82,CLI-1215,Mendoza,Efectivo,Luis Rodriguez,439.25
TRX-10209,2023-10-21,Vino Malbec,17,5453.42,CLI-900,San Juan,Tarjeta de Crédito,Luis Rodriguez,927.92
TRX-10909,2023-02-02,Vino Blend,4,7047.03,CLI-1327,Catamarca,Tarjeta de Crédito,Ana García,1284.96
TRX-11289,2023-06-17,Syrah,13,6574.02,CLI-1488,Neuquén,,Soporte Ventas,1453.09
TRX-11866,2023-08-03,Cabernet Sauvignon,3,5605.61,CLI-877,Neuquén,Transferencia,Soporte Ventas,964.25
TRX-11842,2024-02-03,Cabernet Sauvignon,21,7103.73,CLI-1087,San Juan,,Luis Rodriguez,1117.14
TRX-10449,2024-02-28,Vino Malbec,9,,CLI-1212,San Juan,Transferencia,Ana García,1086.71
TRX-10201,23/02/2023,,6,9137.65,CLI-1358,La Rioja,Transferencia,Marta Gómez,324.12
TRX-10104,2024-02-29,Bonarda,7,10679.75,CLI-794,San Juan,Tarjeta de Crédito,Marta Gómez,935.39
TRX-11820,2024-02-21,Espumante,13,6697.4,CLI-759,La Rioja,,Marta Gómez,757.79
TRX-10958,22/02/2024,Vino Chardonnay,1,10934.98,CLI-596,Salta,Tarjeta de Crédito,Ana García,843.64
TRX-11793,2024-01-13,Cabernet Sauvignon,9,4562.09,CLI-1137,Catamarca,Tarjeta de Crédito,Luis Rodriguez,1040.6
TRX-12109,2023-09-22,Vino Malbec,10,6854.04,CLI-978,San Juan,Efectivo,Ana García,264.42
TRX-10654,2023-11-27,Syrah,11,6479.16,CLI-693,Mendoza,Transferencia,Soporte Ventas,972.08
TRX-12473,2023-08-20,Vino Blend,3,5408.97,CLI-1092,La Rioja,Transferencia,Luis Rodriguez,1463.87
TRX-11401,2023-04-15,Syrah,13,5249.26,CLI-645,Catamarca,Tarjeta de Crédito,Soporte Ventas,1308.51
TRX-10331,2023-07-05,Vino Rosado,18,10788.47,CLI-981,San Juan,Tarjeta de Crédito,Soporte Ventas,314.32
TRX-11760,2024-03-17,Cabernet Sauvignon,9,2226.4,CLI-1394,Mendoza,Transferencia,Soporte Ventas,591.97
TRX-12419,2023-05-27,Vino Chardonnay,10,9470.08,CLI-630,San Juan,Transferencia,Juan Pérez,1108.59
TRX-11107,2023-05-11,Cabernet Sauvignon,4,6408.36,CLI-879,La Rioja,,Juan Pérez,341.4
TRX-12173,2023-05-27,Vino Rosado,8,6768.5,CLI-1291,Catamarca,Tarjeta de Crédito,Juan Pérez,452.38
TRX-10411,2023-01-07,Espumante,22,10233.4,CLI-1442,San Juan,App Mobile,Soporte Ventas,377.47
TRX-11774,2023-08-09,Syrah,15,4843.47,CLI-1161,Neuquén,Transferencia,Marta Gómez,1187.25
TRX-12273,2024-02-29,Syrah,6,9992.49,CLI-1141,Salta,Efectivo,Luis Rodriguez,477.61
TRX-12247,2024-02-27,Vino Blend,19,4628.11,CLI-504,Catamarca,Transferencia,Luis Rodriguez,987.83
TRX-12444,2023-08-22,Vino Chardonnay,21,4342.78,CLI-1131,Salta,Tarjeta de Crédito,Ana García,1017.9
TRX-10419,2024-01-26,Cabernet Sauvignon,1,2033.43,CLI-712,Salta,Tarjeta de Crédito,Soporte Ventas,709.55
TRX-10638,2023-01-15,Cabernet Sauvignon,13,11657.32,CLI-932,La Rioja,,Soporte Ventas,840.84
TRX-11696,2023-05-28,Espumante,1,6812.5,CLI-1478,Mendoza,Transferencia,Soporte Ventas,242.65
TRX-10989,2023-03-17,Vino Chardonnay,13,5248.07,CLI-864,Mendoza,App Mobile,Ana García,1490.29
TRX-12454,2023-12-01,Cabernet Sauvignon,16,5527.83,CLI-1195,SALTA,Transferencia,Marta Gómez,365.65
TRX-11681,2024-02-11,Vino Blend,7,3664.19,CLI-1360,Mendoza,Transferencia,Ana García,447.12
TRX-10849,2023-04-13,Cabernet Sauvignon,24,9331.47,CLI-1240,San Juan,,Juan Pérez,459.65
TRX-12036,2023-04-25,Vino Chardonnay,8,9510.12,CLI-1144,La Rioja,,Juan Pérez,920.98
TRX-11710,2023-02-27,Espumante,16,2856.93,CLI-1091,Neuquén,Efectivo,Juan Pérez,495.27
TRX-12034,2023-09-15,Vino Chardonnay,7,2038.75,CLI-1220,Mendoza,,Luis Rodriguez,888.28
TRX-10726,2023-06-16,Vino Chardonnay,21,4979.11,CLI-1437,Mendoza,App Mobile,Luis Rodriguez,438.92
TRX-10430,2023-03-28,Vino Malbec,12,4065.72,CLI-1147,San Juan,App Mobile,Soporte Ventas,226.73
TRX-11004,2023-05-22,Vino Blend,23,1620.33,CLI-700,La Rioja,Transferencia,Soporte Ventas,516.78
TRX-12099,2023-10-22,Bonarda,2,11338.51,CLI-973,Mendoza,Efectivo,Soporte Ventas,456.96
TRX-11366,2023-01-07,Syrah,17,10021.04,CLI-793,Neuquén,Transferencia,Soporte Ventas,393.92
TRX-10173,2023-12-20,Vino Malbec,2,6651.85,CLI-667,La Rioja,,Marta Gómez,1470.1
TRX-10858,2023-04-06,Espumante,9,8464.71,CLI-517,Salta,,Ana García,1270.77
TRX-11176,2023-12-02,Vino Blend,1,5874.25,CLI-560,Catamarca,Tarjeta de Crédito,Juan Pérez,298.1
TRX-10519,2023-04-22,Espumante,6,10405.85,CLI-1104,Salta,App Mobile,Ana García,1201.17
TRX-11476,2023-10-31,Cabernet Sauvignon,22,2391.65,CLI-1054,Mendoza,Tarjeta de Crédito,Ana García,650.28
TRX-11273,2023-04-03,Syrah,16,3911.05,CLI-1429,Neuquén,App Mobile,Ana García,409.49
TRX-12106,2023-10-07,Vino Chardonnay,23,7983.66,CLI-934,San Juan,,Juan Pérez,730.77
TRX-10102,2023-03-17,Vino Rosado,17,11980.16,CLI-1204,Salta,App Mobile,Marta Gómez,722.17
TRX-12021,2023-05-15,Espumante,3,5825.5,CLI-980,La Rioja,App Mobile,Soporte Ventas,252.02
TRX-11324,2023-07-29,Vino Blend,19,11408.12,CLI-855,Mendoza,Transferencia,Marta Gómez,522.99
TRX-11952,2024-03-04,Syrah,17,3323.0,CLI-844,San Juan,Efectivo,Luis Rodriguez,727.12
TRX-11263,2023-03-17,Syrah,19,,CLI-1102,Neuquén,Tarjeta de Crédito,Luis Rodriguez,377.05
TRX-10444,2023-07-20,Cabernet Sauvignon,18,6154.04,CLI-1159,Salta,App Mobile,Ana García,542.12
TRX-11291,2023-11-21,Vino Chardonnay,18,,CLI-703,Salta,Transferencia,Soporte Ventas,952.16
TRX-12436,2023-10-24,Vino Rosado,10,8778.67,CLI-533,Mendoza,Efectivo,Juan Pérez,1028.86
TRX-10956,2023-01-03,Vino Malbec,9,11285.99,CLI-609,Catamarca,Efectivo,Ana García,685.33
TRX-10455,2023-07-24,Bonarda,10,4504.3,CLI-953,CATAMARCA,Efectivo,Juan Pérez,533.88
TRX-10583,2023-02-14,Vino Chardonnay,7,7117.25,CLI-1034,San Juan,Efectivo,Luis Rodriguez,370.66
TRX-11355,2023-03-21,Cabernet Sauvignon,8,7590.06,CLI-1190,Salta,Efectivo,Soporte Ventas,262.79
TRX-10018,2023-11-30,Vino Rosado,4,3598.0,CLI-665,San Juan,Transferencia,Luis Rodriguez,493.43
TRX-11643,2024-03-14,Cabernet Sauvignon,21,2048.59,CLI-1044,La Rioja,Efectivo,Juan Pérez,1034.33
TRX-11191,2023-09-26,Bonarda,2,11313.22,CLI-703,Salta,App Mobile,Ana García,397.18
TRX-10000,2023-12-31,Vino Chardonnay,4,8529.27,CLI-501,Neuquén,Tarjeta de Crédito,Ana García,1116.18
TRX-11580,2024-01-05,Espumante,8,2540.62,CLI-1051,La Rioja,Transferencia,Luis Rodriguez,529.7
TRX-11581,2023-08-10,Cabernet Sauvignon,20,11372.71,CLI-568,Mendoza,,Luis Rodriguez,490.84
TRX-10126,2024-01-17,Bonarda,11,6812.57,CLI-1109,San Juan,,Ana García,1226.4
TRX-11356,2023-12-19,Cabernet Sauvignon,11,4010.42,CLI-1430,Catamarca,Transferencia,Soporte Ventas,766.29
TRX-10906,2024-02-17,Vino Malbec,11,3481.09,CLI-1002,San Juan,Efectivo,Luis Rodriguez,803.84
TRX-12142,2024-01-06,Bonarda,2,10978.76,CLI-1135,Catamarca,,Luis Rodriguez,1045.79
TRX-12298,2023-06-13,Vino Malbec,12,9674.79,CLI-1299,Salta,Efectivo,Luis Rodriguez,882.61
TRX-12392,2023-03-05,Vino Blend,1,9449.52,CLI-1206,Mendoza,Transferencia,Soporte Ventas,1248.32
TRX-12282,2023-05-25,Vino Blend,4,11255.53,CLI-1483,La Rioja,App Mobile,Ana García,1419.27
TRX-10396,2023-01-28,Vino Blend,23,4760.77,CLI-1146,Salta,,Soporte Ventas,1086.11
TRX-11574,2024-02-16,Vino Malbec,1,10583.54,CLI-769,La Rioja,App Mobile,Marta Gómez,384.01
TRX-11064,2024-03-19,Bonarda,12,4172.61,CLI-877,Salta,Transferencia,Soporte Ventas,940.64
TRX-12425,2023-05-25,Cabernet Sauvignon,11,2360.17,CLI-1004,Neuquén,Tarjeta de Crédito,Luis Rodriguez,1128.15
TRX-12170,2023-08-02,Vino Malbec,1,6068.66,CLI-640,La Rioja,Efectivo,Luis Rodriguez,1234.23
TRX-12214,2023-12-25,Vino Malbec,15,1605.2,CLI-582,La Rioja,Efectivo,Soporte Ventas,527.63
TRX-10818,2023-11-28,Cabernet Sauvignon,7,7669.97,CLI-638,San Juan,,Luis Rodriguez,1455.02
TRX-11812,2023-01-08,Vino Rosado,20,8464.84,CLI-633,Salta,Efectivo,Luis Rodriguez,211.63
TRX-10855,2023-08-13,Vino Blend,21,6007.79,CLI-1141,La Rioja,App Mobile,Ana García,417.38
TRX-11552,2023-07-09,Syrah,2,11916.6,CLI-1343,San Juan,App Mobile,Luis Rodriguez,1149.45
TRX-10552,2023-03-20,Vino Malbec,7,8683.93,CLI-778,Neuquén,Transferencia,Luis Rodriguez,948.98
TRX-10816,2024-01-09,Vino Chardonnay,16,6298.29,CLI-1205,San Juan,App Mobile,Luis Rodriguez,741.35
TRX-11572,2023-09-06,Syrah,16,11648.66,CLI-556,La Rioja,App Mobile,Marta Gómez,429.56
TRX-11367,2023-01-28,Vino Chardonnay,2,9073.91,CLI-829,Mendoza,App Mobile,Luis Rodriguez,262.6
TRX-11800,2023-11-24,Syrah,3,8264.61,CLI-1461,Neuquén,,Ana García,282.99
TRX-10232,2023-01-19,Vino Blend,15,11706.84,CLI-1031,Catamarca,Transferencia,Marta Gómez,803.93
TRX-10381,2023-02-10,Cabernet Sauvignon,16,6950.25,CLI-1206,NEUQUÉN,,Soporte Ventas,802.86
TRX-11845,2024-02-08,Vino Chardonnay,13,9152.5,CLI-666,Salta,Transferencia,Ana García,673.21
TRX-11386,2023-05-24,,19,1845.49,CLI-569,San Juan,App Mobile,Juan Pérez,1112.9
TRX-12359,2024-02-10,Syrah,16,9062.6,CLI-1143,La Rioja,,Juan Pérez,216.25
TRX-10317,2023-10-28,Syrah,12,10725.66,CLI-686,Neuquén,,Luis Rodriguez,850.37
TRX-12376,2023-01-27,Syrah,4,2097.03,CLI-770,La Rioja,App Mobile,Juan Pérez,864.55
TRX-11968,2024-01-23,Syrah,9,7094.89,CLI-814,Salta,,Soporte Ventas,1067.07
TRX-11780,2023-09-19,Espumante,2,4067.93,CLI-818,Neuquén,Transferencia,Soporte Ventas,1269.8
TRX-10340,2023-11-21,Vino Chardonnay,17,5395.59,CLI-1445,Salta,App Mobile,Ana García,675.94
TRX-12287,2023-12-30,Vino Malbec,18,2260.04,CLI-751,Salta,App Mobile,Ana García,851.82
TRX-12398,2024-01-27,Cabernet Sauvignon,5,8813.51,CLI-1394,San Juan,App Mobile,Ana García,1445.07
TRX-10864,2024-01-17,Vino Blend,16,10542.25,CLI-602,Salta,Tarjeta de Crédito,Ana García,1437.29
TRX-10891,2023-12-31,Vino Rosado,18,6832.79,CLI-1181,Neuquén,Transferencia,Luis Rodriguez,1367.1
TRX-10403,2023-06-05,Vino Blend,17,11108.45,CLI-1092,Salta,App Mobile,Luis Rodriguez,1437.07
TRX-10554,2023-11-12,Vino Rosado,23,3183.0,CLI-726,San Juan,Tarjeta de Crédito,Luis Rodriguez,609.31
TRX-11159,2023-01-30,Espumante,5,5962.0,CLI-804,Salta,Efectivo,Ana García,1212.13
TRX-11213,2023-04-10,Vino Malbec,10,10261.41,CLI-735,Catamarca,Transferencia,Juan Pérez,690.66
TRX-12266,2024-01-09,Espumante,11,7773.36,CLI-1480,La Rioja,Efectivo,Ana García,448.02
TRX-11325,2023-01-22,Syrah,10,7009.95,CLI-640,Mendoza,App Mobile,Luis Rodriguez,268.34
TRX-10048,2023-04-17,Vino Rosado,11,10134.28,CLI-884,Mendoza,App Mobile,Luis Rodriguez,498.68
TRX-12432,2024-02-17,Espumante,15,7562.17,CLI-1468,Catamarca,Transferencia,Soporte Ventas,395.74
TRX-10700,2024-03-23,,12,6825.2,CLI-957,Neuquén,App Mobile,Luis Rodriguez,1100.91
TRX-10652,2023-03-19,Vino Malbec,16,7742.72,CLI-1194,La Rioja,Tarjeta de Crédito,Luis Rodriguez,279.67
TRX-11712,2023-04-11,Vino Malbec,22,11989.42,CLI-692,Mendoza,,Soporte Ventas,481.09
TRX-11847,2023-04-26,Bonarda,16,5350.02,CLI-1131,San Juan,App Mobile,Ana García,963.83
TRX-11875,2023-01-11,Bonarda,24,2307.5,CLI-952,Salta,Tarjeta de Crédito,Juan Pérez,844.9
TRX-10748,01/05/2023,Vino Blend,5,8172.0,CLI-738,NEUQUÉN,Tarjeta de Crédito,Luis Rodriguez,755.47
TRX-11455,2023-12-11,,9,10536.29,CLI-1359,La Rioja,Tarjeta de Crédito,Soporte Ventas,1115.03
TRX-11314,2023-12-27,Vino Malbec,8,3420.39,CLI-1314,San Juan,,Marta Gómez,337.52
TRX-12145,2023-11-23,Vino Blend,9,2602.3,CLI-1467,San Juan,,Luis Rodriguez,316.02
TRX-12078,2023-09-13,Syrah,13,9864.21,CLI-541,Catamarca,App Mobile,Soporte Ventas,493.18
TRX-10866,2023-04-28,Espumante,17,3472.95,CLI-850,Catamarca,Tarjeta de Crédito,Ana García,733.58
TRX-10752,2024-02-27,Vino Malbec,12,2818.28,CLI-1239,La Rioja,App Mobile,Marta Gómez,1170.96
TRX-11644,2023-04-18,Bonarda,2,3038.84,CLI-866,Neuquén,Tarjeta de Crédito,Soporte Ventas,1266.35
TRX-10092,2023-04-25,Syrah,7,4995.98,CLI-577,Salta,Efectivo,Luis Rodriguez,263.18
TRX-10440,2023-03-24,Syrah,21,4738.62,CLI-536,Mendoza,App Mobile,Ana García,397.81
TRX-11472,2023-08-24,Vino Chardonnay,23,5301.58,CLI-662,Catamarca,Tarjeta de Crédito,Ana García,277.07
TRX-12498,2023-11-21,Vino Rosado,10,7497.55,CLI-1163,Mendoza,Transferencia,Ana García,487.9
TRX-11490,2023-07-03,Vino Blend,16,11891.21,CLI-1303,Neuquén,,Juan Pérez,1495.34
TRX-12238,2023-12-16,Vino Blend,16,11979.84,CLI-1473,Catamarca,App Mobile,Juan Pérez,334.47
TRX-10729,2023-03-27,Vino Malbec,12,10045.39,CLI-552,San Juan,Tarjeta de Crédito,Luis Rodriguez,1294.23
TRX-10261,2023-04-27,Espumante,1,8368.78,CLI-1397,La Rioja,Tarjeta de Crédito,Luis Rodriguez,1088.02
TRX-12274,2023-08-27,Syrah,1,9019.83,CLI-1420,Salta,,Marta Gómez,564.76
TRX-11936,2023-04-22,Espumante,5,1703.74,CLI-750,Catamarca,,Soporte Ventas,697.93
TRX-11110,2023-10-31,Syrah,16,10169.42,CLI-1483,Mendoza,Transferencia,Juan Pérez,1107.17
TRX-11792,2023-02-07,Vino Malbec,3,4288.45,CLI-707,San Juan,Tarjeta de Crédito,Marta Gómez,512.14
TRX-11384,2023-08-12,Vino Malbec,2,5829.91,CLI-1092,Mendoza,,Marta Gómez,885.6
TRX-11185,2023-06-19,Espumante,5,9690.96,CLI-1086,Mendoza,Efectivo,Marta Gómez,619.62
TRX-12007,2023-01-16,Syrah,19,6598.69,CLI-928,San Juan,Transferencia,Juan Pérez,1162.0
TRX-10193,2024-03-18,Syrah,18,6482.56,CLI-1331,Mendoza,App Mobile,Soporte Ventas,328.83
TRX-11515,2023-07-13,Vino Malbec,22,10931.43,CLI-1027,Catamarca,Transferencia,Soporte Ventas,1476.2
TRX-10578,2023-03-05,Cabernet Sauvignon,9,6476.75,CLI-1396,San Juan,,Juan Pérez,448.06
TRX-11429,2023-01-23,Syrah,22,6122.26,CLI-738,San Juan,Efectivo,Ana García,997.59
TRX-10771,2023-01-25,Cabernet Sauvignon,6,,CLI-1412,Mendoza,Transferencia,Soporte Ventas,625.28
TRX-11478,2023-11-12,Syrah,18,3494.3,CLI-1163,Catamarca,Efectivo,Juan Pérez,1288.6
TRX-11846,2023-09-30,Vino Malbec,13,9638.87,CLI-1428,Mendoza,App Mobile,Ana García,290.98
TRX-10131,2024-01-11,Espumante,17,7700.81,CLI-526,Mendoza,Efectivo,Juan Pérez,925.87
TRX-10178,2023-08-07,Cabernet Sauvignon,2,5388.17,CLI-940,La Rioja,App Mobile,Luis Rodriguez,632.7
TRX-10504,2024-03-10,Bonarda,7,11068.11,CLI-1112,Mendoza,Tarjeta de Crédito,Ana García,829.73
TRX-11811,2023-11-28,Vino Rosado,1,11214.88,CLI-616,Catamarca,Efectivo,Marta Gómez,554.44
TRX-11573,2023-05-26,Espumante,15,,CLI-1340,San Juan,Transferencia,Ana García,1191.23
TRX-12438,2023-10-31,Cabernet Sauvignon,15,4007.56,CLI-1048,Salta,Transferencia,Marta Gómez,694.77
TRX-10819,2023-05-26,Espumante,9,2340.08,CLI-1092,Salta,Tarjeta de Crédito,Soporte Ventas,633.74
TRX-12073,2023-01-08,Cabernet Sauvignon,13,2061.16,CLI-1159,Mendoza,App Mobile,Soporte Ventas,385.71
TRX-10658,2023-09-30,Vino Malbec,20,7067.61,CLI-743,San Juan,Tarjeta de Crédito,Luis Rodriguez,1384.37
TRX-11896,2023-06-24,Vino Rosado,17,11003.62,CLI-630,Catamarca,Transferencia,Ana García,947.24
TRX-10526,2023-10-17,Vino Blend,19,9372.3,CLI-790,Mendoza,Tarjeta de Crédito,Marta Gómez,1020.34
TRX-11447,2023-06-30,Vino Rosado,22,3579.69,CLI-1146,Salta,App Mobile,Soporte Ventas,1246.94
TRX-10342,2023-09-30,Bonarda,7,9408.4,CLI-596,La Rioja,,Soporte Ventas,295.16
TRX-11031,2023-09-24,Cabernet Sauvignon,23,11473.0,CLI-684,Catamarca,,Ana García,240.06
TRX-10727,2023-06-10,Vino Chardonnay,3,4330.72,CLI-1315,La Rioja,Efectivo,Luis Rodriguez,939.93
TRX-10481,2024-01-11,Espumante,13,5790.48,CLI-1282,Mendoza,Transferencia,Luis Rodriguez,1085.78
TRX-10976,2023-06-04,Vino Chardonnay,15,1735.42,CLI-1090,Salta,App Mobile,Marta Gómez,1404.24
TRX-12098,2023-11-01,Bonarda,4,4087.47,CLI-1087,Neuquén,Transferencia,Luis Rodriguez,222.81
TRX-11347,2023-07-30,Espumante,23,11895.09,CLI-1090,Neuquén,Tarjeta de Crédito,Marta Gómez,1038.25
TRX-11928,2023-02-07,,5,3546.65,CLI-502,Neuquén,Efectivo,Luis Rodriguez,247.39
TRX-12044,2023-01-15,Cabernet Sauvignon,1,7131.45,CLI-789,San Juan,Efectivo,Marta Gómez,471.56
TRX-11986,2023-01-15,Vino Rosado,17,11408.73,CLI-1169,Salta,Transferencia,Marta Gómez,205.15
TRX-11299,2023-07-19,Syrah,4,2759.0,CLI-962,Salta,App Mobile,Soporte Ventas,1498.3
TRX-11327,2023-04-15,Espumante,13,9053.0,CLI-1196,La Rioja,,Ana García,263.35
TRX-11348,2023-11-28,Vino Blend,5,4768.2,CLI-837,San Juan,,Ana García,800.59
TRX-10660,2023-06-17,Vino Malbec,7,10130.28,CLI-1119,Mendoza,Tarjeta de Crédito,Ana García,314.67
TRX-11790,2023-04-15,Syrah,9,6933.15,CLI-793,La Rioja,Tarjeta de Crédito,Juan Pérez,504.47
TRX-10668,2023-06-19,Cabernet Sauvignon,7,8627.45,CLI-739,Salta,Efectivo,Marta Gómez,1008.21
TRX-11585,2023-01-23,Vino Chardonnay,18,11582.17,CLI-1135,Salta,Efectivo,Ana García,1051.64
TRX-10493,2024-02-20,Vino Chardonnay,3,9921.11,CLI-876,Catamarca,,Juan Pérez,465.3
TRX-12252,2024-03-11,Vino Blend,22,3910.51,CLI-1262,San Juan,Transferencia,Ana García,454.6
TRX-11058,2023-12-17,Vino Rosado,9,9670.12,CLI-1303,Neuquén,Efectivo,Luis Rodriguez,1113.46
TRX-11693,2023-12-03,Cabernet Sauvignon,7,2873.84,CLI-932,Catamarca,Efectivo,Ana García,590.82
TRX-11085,01/01/2024,Espumante,6,7725.72,CLI-848,La Rioja,,Ana García,308.41
TRX-10694,2023-02-11,Vino Chardonnay,14,6464.76,CLI-697,San Juan,,Marta Gómez,985.33
TRX-11278,2023-05-07,Syrah,11,6383.34,CLI-943,Catamarca,Tarjeta de Crédito,Juan Pérez,1327.85
TRX-11655,2023-02-02,Syrah,11,6601.24,CLI-1478,Salta,App Mobile,Marta Gómez,326.03
TRX-11621,2023-06-09,Vino Malbec,23,2917.43,CLI-827,Salta,,Ana García,1115.32
TRX-11799,2023-06-15,Cabernet Sauvignon,3,6113.59,CLI-1411,Mendoza,Transferencia,Luis Rodriguez,1379.29
TRX-10987,2023-05-20,Bonarda,17,4097.34,CLI-1062,Mendoza,Efectivo,Ana García,410.11
TRX-10067,2023-04-01,Espumante,16,10009.8,CLI-1467,Neuquén,Tarjeta de Crédito,Luis Rodriguez,290.91
TRX-11731,2023-07-18,Vino Blend,24,4833.74,CLI-648,Neuquén,,Soporte Ventas,795.88
TRX-12186,2024-01-05,Vino Blend,13,10099.24,CLI-1109,Catamarca,Transferencia,Soporte Ventas,1488.87
TRX-11762,2024-02-01,Bonarda,4,4162.19,CLI-1389,San Juan,Transferencia,Soporte Ventas,230.28
TRX-10820,2023-12-25,Vino Chardonnay,9,3398.54,CLI-629,La Rioja,Transferencia,Juan Pérez,938.66
TRX-11226,2023-04-04,Espumante,16,7493.18,CLI-548,Salta,Efectivo,Marta Gómez,1335.6
TRX-11677,2023-06-04,Espumante,18,2376.9,CLI-849,La Rioja,Tarjeta de Crédito,Marta Gómez,404.58
TRX-12207,27/10/2023,Vino Blend,24,11030.58,CLI-1221,La Rioja,Tarjeta de Crédito,Marta Gómez,704.31
TRX-10285,2023-01-31,Vino Malbec,16,7992.99,CLI-1195,Catamarca,,Ana García,388.7
TRX-11852,2023-11-20,Vino Malbec,20,5956.2,CLI-1271,Salta,,Luis Rodriguez,1039.86
TRX-11460,2023-10-21,Vino Rosado,17,7470.79,CLI-640,Neuquén,Tarjeta de Crédito,Marta Gómez,1112.64
TRX-10933,2023-12-23,Cabernet Sauvignon,13,4817.78,CLI-1338,Neuquén,App Mobile,Marta Gómez,566.26
TRX-11143,2023-06-03,Bonarda,15,10586.33,CLI-670,Mendoza,Tarjeta de Crédito,Juan Pérez,561.95
TRX-10397,2023-07-28,Vino Blend,12,10016.72,CLI-847,Neuquén,Efectivo,Marta Gómez,1487.51
TRX-10786,2024-03-02,Vino Blend,22,5584.62,CLI-658,Salta,,Luis Rodriguez,815.92
TRX-11531,2023-02-27,Vino Rosado,15,6880.26,CLI-1108,Salta,,Juan Pérez,569.72
TRX-10632,2023-03-21,Vino Blend,12,5946.18,CLI-578,La Rioja,App Mobile,Luis Rodriguez,1068.76
TRX-11398,2024-02-06,Cabernet Sauvignon,6,5402.32,CLI-1254,Catamarca,Transferencia,Soporte Ventas,374.72
TRX-11659,2023-04-18,Bonarda,7,6800.38,CLI-693,Salta,App Mobile,Soporte Ventas,381.7
TRX-10979,2023-08-18,Bonarda,4,7380.59,CLI-709,Neuquén,Transferencia,Marta Gómez,1142.79
TRX-11298,2023-06-18,Bonarda,1,5269.42,CLI-561,Salta,Efectivo,Luis Rodriguez,1452.82
TRX-12327,2024-03-20,Vino Blend,9,8981.02,CLI-792,Mendoza,Transferencia,Luis Rodriguez,383.52
TRX-10082,2023-08-01,,17,6118.48,CLI-522,San Juan,App Mobile,Soporte Ventas,254.53
TRX-12244,2023-04-22,Cabernet Sauvignon,10,6265.51,CLI-724,Neuquén,Efectivo,Luis Rodriguez,860.09
TRX-11034,2024-02-21,Vino Blend,19,9817.17,CLI-1179,Salta,Tarjeta de Crédito,Marta Gómez,1074.61
TRX-11750,2023-01-27,Vino Rosado,22,5515.9,CLI-1022,Catamarca,Efectivo,Juan Pérez,534.21
TRX-10153,2023-06-01,Cabernet Sauvignon,22,4308.97,CLI-526,Neuquén,Efectivo,Juan Pérez,390.86
TRX-12353,2023-02-02,Cabernet Sauvignon,6,3130.06,CLI-886,Neuquén,App Mobile,Luis Rodriguez,576.32
TRX-10423,2023-07-28,Syrah,3,7894.8,CLI-1446,San Juan,,Soporte Ventas,1145.47
TRX-10280,2024-03-12,Syrah,15,9320.55,CLI-1177,Mendoza,Efectivo,Marta Gómez,565.53
TRX-11904,2023-01-15,Cabernet Sauvignon,2,5411.85,CLI-969,Salta,App Mobile,Juan Pérez,1311.54
TRX-10595,2023-07-27,Espumante,4,8875.79,CLI-823,Mendoza,App Mobile,Ana García,1398.81
TRX-11530,2023-04-23,Vino Rosado,11,7451.82,CLI-1426,Mendoza,App Mobile,Marta Gómez,1438.27
TRX-12046,2023-02-06,Vino Malbec,11,2242.29,CLI-615,San Juan,Efectivo,Ana García,465.16
TRX-11565,2023-01-02,Bonarda,3,11569.01,CLI-1230,San Juan,Tarjeta de Crédito,Luis Rodriguez,963.76
TRX-11682,2023-10-02,Vino Chardonnay,3,6684.99,CLI-1204,Neuquén,Tarjeta de Crédito,Soporte Ventas,1292.39
TRX-10839,2024-03-26,Espumante,7,9066.47,CLI-702,Catamarca,Tarjeta de Crédito,Luis Rodriguez,382.39
TRX-10500,2023-07-29,,21,1721.16,CLI-860,Catamarca,Transferencia,Luis Rodriguez,337.36
TRX-10141,2023-08-10,Cabernet Sauvignon,18,11115.33,CLI-534,Salta,Tarjeta de Crédito,Soporte Ventas,257.69
TRX-11377,2023-05-22,Bonarda,11,11194.19,CLI-1234,Mendoza,Efectivo,Ana García,870.17
TRX-11466,2024-01-08,Espumante,19,7944.07,CLI-1263,San Juan,App Mobile,Ana García,712.13
TRX-12204,2023-03-01,Vino Rosado,8,11349.21,CLI-1041,Salta,Tarjeta de Crédito,Luis Rodriguez,551.01
TRX-11138,2023-01-25,Vino Malbec,13,3813.1,CLI-1355,La Rioja,App Mobile,Marta Gómez,894.41
TRX-10844,2023-03-20,Vino Blend,3,7296.44,CLI-1479,Catamarca,Efectivo,Juan Pérez,241.46
TRX-11787,2023-12-16,Vino Malbec,12,6276.15,CLI-612,La Rioja,Tarjeta de Crédito,Marta Gómez,898.79
TRX-10392,2023-11-29,Bonarda,8,6848.21,CLI-907,Catamarca,App Mobile,Marta Gómez,525.15
TRX-10550,2023-01-03,Espumante,19,9708.08,CLI-1136,San Juan,Transferencia,Soporte Ventas,1294.01
TRX-10459,2024-03-22,Espumante,1,1897.21,CLI-801,La Rioja,Transferencia,Marta Gómez,1492.92
TRX-12019,2023-04-29,Vino Chardonnay,13,11255.24,CLI-1165,San Juan,App Mobile,Soporte Ventas,1235.93
TRX-10948,2023-04-09,Bonarda,22,8291.87,CLI-1389,Catamarca,App Mobile,Juan Pérez,681.11
TRX-12324,2023-05-26,Bonarda,19,7633.95,CLI-1476,Salta,Tarjeta de Crédito,Juan Pérez,1443.58
TRX-10532,2024-02-24,Bonarda,12,7862.37,CLI-908,San Juan,Transferencia,Luis Rodriguez,1355.35
TRX-11829,2024-03-04,Espumante,10,10199.31,CLI-505,San Juan,App Mobile,Juan Pérez,265.27
TRX-11838,2024-02-23,Cabernet Sauvignon,1,3009.86,CLI-927,Mendoza,App Mobile,Soporte Ventas,265.44
TRX-11944,2024-02-08,Cabernet Sauvignon,3,11287.35,CLI-1217,San Juan,Tarjeta de Crédito,Soporte Ventas,439.66
TRX-10441,2023-06-05,Vino Blend,14,5105.65,CLI-955,Mendoza,,Marta Gómez,319.87
TRX-11602,2023-11-06,Cabernet Sauvignon,8,5952.03,CLI-1402,La Rioja,App Mobile,Soporte Ventas,833.53
TRX-10639,2023-03-31,Vino Chardonnay,21,9992.25,CLI-1165,Neuquén,Transferencia,Ana García,904.49
TRX-10854,2024-02-27,Espumante,20,3504.49,CLI-1206,Catamarca,Transferencia,Soporte Ventas,829.47
TRX-10967,2023-05-05,Espumante,5,3746.86,CLI-745,Salta,Efectivo,Soporte Ventas,572.33
TRX-12048,2023-01-09,Espumante,24,5650.76,CLI-764,Salta,Transferencia,Soporte Ventas,874.22
TRX-10123,2023-05-09,Syrah,15,8320.69,CLI-1411,La Rioja,App Mobile,Juan Pérez,1050.06
TRX-11683,2023-08-02,Bonarda,20,5923.66,CLI-1317,Mendoza,,Ana García,642.08
TRX-11958,2023-08-07,,24,4718.15,CLI-845,San Juan,Transferencia,Juan Pérez,643.01
TRX-12407,2023-03-17,Vino Chardonnay,15,9971.82,CLI-1310,Catamarca,App Mobile,Luis Rodriguez,974.16
TRX-10155,2024-02-06,Syrah,23,4308.21,CLI-566,La Rioja,Tarjeta de Crédito,Soporte Ventas,913.47
TRX-10935,2023-11-09,Vino Blend,1,1710.4,CLI-1060,San Juan,Efectivo,Ana García,967.41
TRX-10482,2023-11-10,Syrah,12,6516.49,CLI-1208,La Rioja,Efectivo,Juan Pérez,370.57
TRX-11089,2023-01-08,Espumante,22,8925.79,CLI-551,Neuquén,Transferencia,Marta Gómez,673.58
TRX-11953,2023-01-13,Espumante,21,6991.45,CLI-1046,Mendoza,,Marta Gómez,713.57
TRX-10723,2023-02-16,Espumante,23,5357.27,CLI-1288,Catamarca,App Mobile,Juan Pérez,837.29
TRX-10288,2024-01-18,Vino Rosado,7,10019.24,CLI-1330,La Rioja,Transferencia,Juan Pérez,882.03
TRX-10930,2023-07-12,Bonarda,4,9054.8,CLI-1165,San Juan,Tarjeta de Crédito,Soporte Ventas,1311.69
TRX-11674,2023-03-06,Syrah,4,10669.3,CLI-567,Salta,Transferencia,Marta Gómez,447.74
TRX-12326,2024-03-11,Vino Malbec,12,3853.46,CLI-1222,Mendoza,,Juan Pérez,1116.89
TRX-11098,2023-09-10,Espumante,23,2657.37,CLI-1162,NEUQUÉN,Transferencia,Soporte Ventas,1166.69
TRX-12433,2023-09-17,Vino Blend,11,11642.92,CLI-529,Mendoza,Tarjeta de Crédito,Juan Pérez,1148.74
TRX-10337,2023-10-28,Vino Malbec,5,3038.75,CLI-541,Salta,App Mobile,Marta Gómez,1184.22
TRX-10942,2023-06-17,Vino Blend,7,1515.94,CLI-842,Mendoza,Efectivo,Soporte Ventas,425.26
TRX-10040,2023-11-23,Cabernet Sauvignon,22,11205.18,CLI-1280,La Rioja,App Mobile,Soporte Ventas,1377.34
TRX-11715,2023-02-02,Espumante,15,10938.78,CLI-1179,Neuquén,Efectivo,Juan Pérez,1228.9
TRX-11698,11/07/2023,Vino Rosado,2,3970.78,CLI-1085,San Juan,,Marta Gómez,516.34
TRX-10980,2024-02-14,Vino Blend,8,10601.13,CLI-909,CATAMARCA,Efectivo,Soporte Ventas,1237.7
TRX-11440,2023-09-07,Vino Chardonnay,5,6744.07,CLI-932,Mendoza,Efectivo,Juan Pérez,1189.85
TRX-10189,2023-02-05,Syrah,22,7767.26,CLI-647,Neuquén,Efectivo,Marta Gómez,1074.19
TRX-11241,2023-11-07,Syrah,13,8775.0,CLI-576,Salta,Efectivo,Ana García,237.16
TRX-10985,2024-03-03,Syrah,17,5914.85,CLI-1393,Mendoza,Efectivo,Ana García,667.11
TRX-11821,2023-05-19,Vino Malbec,16,11287.81,CLI-1228,Salta,Efectivo,Ana García,911.9
TRX-11427,2024-01-19,Vino Rosado,3,5215.17,CLI-595,Catamarca,Transferencia,Ana García,934.12
TRX-12288,2023-05-04,Vino Malbec,21,8071.96,CLI-1079,Catamarca,Efectivo,Ana García,670.58
TRX-11154,2023-06-08,Vino Chardonnay,14,4339.97,CLI-628,Catamarca,Efectivo,Luis Rodriguez,482.93
TRX-10981,2023-05-06,Vino Malbec,13,11261.52,CLI-1114,Salta,Tarjeta de Crédito,Ana García,793.37
TRX-11249,2023-07-10,Cabernet Sauvignon,19,2978.84,CLI-1227,Salta,Efectivo,Soporte Ventas,831.24
TRX-12496,2024-01-06,Vino Malbec,7,1890.98,CLI-1020,Salta,,Luis Rodriguez,290.99
TRX-11387,2023-10-02,Espumante,4,3312.31,CLI-985,Salta,Transferencia,Luis Rodriguez,1051.27
TRX-11473,2023-11-15,Vino Rosado,16,7193.77,CLI-667,Neuquén,Transferencia,Luis Rodriguez,1194.41
TRX-11418,2023-01-31,Cabernet Sauvignon,13,2208.11,CLI-522,Salta,,Luis Rodriguez,210.96
TRX-10645,2024-02-28,Espumante,15,10063.82,CLI-1101,San Juan,,Marta Gómez,1042.82
TRX-11457,2023-09-17,Vino Blend,4,2039.94,CLI-1380,Salta,App Mobile,Juan Pérez,907.75
TRX-11395,2023-09-03,Vino Malbec,2,5290.95,CLI-983,San Juan,App Mobile,Juan Pérez,600.7
TRX-10264,2023-05-29,Bonarda,21,11318.43,CLI-1211,San Juan,Transferencia,Soporte Ventas,897.11
TRX-12462,2023-02-18,Cabernet Sauvignon,1,11948.68,CLI-827,Neuquén,Tarjeta de Crédito,Marta Gómez,1019.22
TRX-10929,2023-10-15,Syrah,10,2146.88,CLI-835,Salta,Efectivo,Marta Gómez,1181.84
TRX-11939,2023-11-27,Espumante,16,10647.45,CLI-534,Salta,,Juan Pérez,671.73
TRX-12178,2023-11-15,Cabernet Sauvignon,23,7107.77,CLI-1229,Mendoza,Transferencia,Luis Rodriguez,1123.22
TRX-11560,2023-06-01,Vino Chardonnay,11,4986.94,CLI-1183,La Rioja,Efectivo,Juan Pérez,1200.31
TRX-10246,2023-06-16,Vino Malbec,10,9676.24,CLI-551,Catamarca,Efectivo,Luis Rodriguez,449.72
TRX-11594,2023-02-23,,6,11257.39,CLI-1220,La Rioja,Tarjeta de Crédito,Luis Rodriguez,1326.67
TRX-11758,2024-03-26,Vino Blend,17,3823.38,CLI-1268,CATAMARCA,App Mobile,Juan Pérez,1492.13
TRX-11529,2023-04-11,Espumante,2,3827.05,CLI-1077,Mendoza,Efectivo,Ana García,1386.37
TRX-11125,2023-09-04,Vino Malbec,1,3863.35,CLI-1289,Neuquén,Transferencia,Marta Gómez,354.12
TRX-10923,2023-05-18,Espumante,8,11693.5,CLI-509,Salta,App Mobile,Marta Gómez,1006.15
TRX-12410,2023-10-19,Vino Blend,12,5775.21,CLI-1294,Salta,Transferencia,Ana García,582.39
TRX-10268,2024-02-21,Cabernet Sauvignon,15,5519.39,CLI-1368,Catamarca,App Mobile,Luis Rodriguez,462.65
TRX-10669,2024-01-20,Vino Malbec,22,5179.12,CLI-767,Salta,App Mobile,Luis Rodriguez,494.54
TRX-11012,2023-02-22,Bonarda,22,3162.06,CLI-632,Mendoza,Transferencia,Juan Pérez,219.15
TRX-11910,2023-02-14,Vino Chardonnay,6,7946.22,CLI-1001,Catamarca,,Marta Gómez,1320.41
TRX-10574,2023-03-03,Vino Malbec,9,9474.28,CLI-1132,La Rioja,Transferencia,Ana García,315.72
TRX-11152,2023-02-19,Vino Rosado,8,5009.06,CLI-1264,Salta,Transferencia,Marta Gómez,660.36
TRX-11930,2023-07-25,Vino Malbec,16,6776.58,CLI-1153,Catamarca,,Soporte Ventas,463.2
TRX-11547,2023-03-06,Vino Chardonnay,23,9936.49,CLI-982,Mendoza,App Mobile,Juan Pérez,234.52
TRX-11810,2023-05-31,Vino Rosado,15,6876.13,CLI-726,Catamarca,Tarjeta de Crédito,Ana García,847.2
TRX-11781,2024-02-16,Bonarda,1,11263.48,CLI-598,Salta,Transferencia,Ana García,1220.06
TRX-12233,2023-07-18,Vino Malbec,17,11792.03,CLI-672,Neuquén,,Luis Rodriguez,962.67
TRX-10687,2023-09-28,Syrah,4,2997.98,CLI-540,Neuquén,Transferencia,Marta Gómez,1424.98
TRX-11915,2023-10-25,Bonarda,3,6733.56,CLI-1486,San Juan,Tarjeta de Crédito,Marta Gómez,1291.91
TRX-10612,2024-01-04,Vino Chardonnay,21,3915.13,CLI-821,Salta,Tarjeta de Crédito,Soporte Ventas,834.39
TRX-12472,2023-06-18,Vino Blend,5,2195.75,CLI-1106,Neuquén,Efectivo,Ana García,744.33
TRX-10039,2023-11-21,Cabernet Sauvignon,21,7568.58,CLI-1489,Catamarca,Transferencia,Juan Pérez,1476.73
TRX-11898,2023-12-05,Vino Malbec,17,3362.84,CLI-1086,Neuquén,Transferencia,Marta Gómez,710.73
TRX-11649,2024-01-14,Vino Blend,9,6809.11,CLI-1389,La Rioja,Tarjeta de Crédito,Ana García,860.81
TRX-12072,2023-04-28,Espumante,24,10125.32,CLI-664,La Rioja,App Mobile,Soporte Ventas,901.83
TRX-10258,2024-02-21,Vino Chardonnay,15,8614.09,CLI-1134,Catamarca,Tarjeta de Crédito,Juan Pérez,1437.69
TRX-10847,2023-06-09,Vino Malbec,3,3215.52,CLI-511,Catamarca,,Marta Gómez,999.76
TRX-10467,2023-09-16,Bonarda,3,5446.82,CLI-596,Catamarca,Tarjeta de Crédito,Marta Gómez,1048.6
TRX-11233,2024-01-16,Syrah,7,8715.47,CLI-1145,Catamarca,,Luis Rodriguez,1189.26
TRX-11127,2023-12-23,Vino Chardonnay,20,10377.54,CLI-1020,Neuquén,,Soporte Ventas,1145.69
TRX-11967,2023-06-03,Vino Malbec,2,3158.58,CLI-1015,San Juan,,Juan Pérez,1242.1
TRX-10558,2023-08-21,Cabernet Sauvignon,20,2570.19,CLI-1342,San Juan,,Juan Pérez,670.06
TRX-10904,2023-01-30,Vino Rosado,1,4291.78,CLI-1447,Neuquén,App Mobile,Marta Gómez,303.91
TRX-10484,2023-10-30,Vino Rosado,16,9240.29,CLI-1233,La Rioja,Tarjeta de Crédito,Luis Rodriguez,389.33
TRX-12211,2024-03-21,Vino Blend,13,,CLI-754,Neuquén,,Soporte Ventas,690.57
TRX-11320,2023-04-27,Vino Blend,23,7744.41,CLI-1424,La Rioja,,Ana García,550.33
TRX-12418,2023-03-08,Vino Rosado,17,2303.22,CLI-1413,La Rioja,App Mobile,Ana García,1137.64
TRX-10007,2023-01-05,Espumante,16,11197.84,CLI-1017,Neuquén,Tarjeta de Crédito,Luis Rodriguez,756.42
TRX-10778,2024-03-09,Cabernet Sauvignon,18,8846.7,CLI-1144,San Juan,App Mobile,Soporte Ventas,1467.22
TRX-10306,2023-08-21,,4,2979.75,CLI-1498,Neuquén,Tarjeta de Crédito,Ana García,363.71
TRX-11450,2023-09-18,Vino Chardonnay,6,5517.61,CLI-1048,Catamarca,,Marta Gómez,415.86
TRX-11201,2023-04-16,Vino Chardonnay,24,4665.96,CLI-1212,Salta,Tarjeta de Crédito,Juan Pérez,762.23
TRX-11814,2023-01-13,Espumante,8,8375.64,CLI-523,Mendoza,App Mobile,Juan Pérez,1053.18
TRX-10773,2023-07-08,Espumante,6,9067.07,CLI-968,Mendoza,Efectivo,Juan Pérez,239.25
TRX-11011,2024-01-17,Vino Blend,8,4503.45,CLI-1303,San Juan,Efectivo,Luis Rodriguez,849.2
TRX-11577,2023-01-19,Bonarda,16,9001.27,CLI-1045,Salta,App Mobile,Soporte Ventas,451.37
TRX-11414,2023-02-26,Syrah,18,4754.16,CLI-929,Neuquén,,Juan Pérez,1072.4
TRX-11991,2023-02-23,Syrah,14,8894.25,CLI-1474,La Rioja,Tarjeta de Crédito,Soporte Ventas,1300.11
TRX-11277,2024-03-12,Cabernet Sauvignon,24,10922.48,CLI-1337,San Juan,Tarjeta de Crédito,Marta Gómez,743.75
TRX-11783,2023-08-18,Bonarda,13,6520.8,CLI-618,San Juan,Tarjeta de Crédito,Luis Rodriguez,736.03
TRX-12113,2024-01-28,Vino Malbec,19,3087.24,CLI-1008,Mendoza,Tarjeta de Crédito,Juan Pérez,1109.67
TRX-10446,20/10/2023,Vino Blend,8,,CLI-506,Neuquén,Transferencia,Ana García,631.13
TRX-10880,2023-09-22,Syrah,15,5446.39,CLI-826,La Rioja,Transferencia,Juan Pérez,999.96
TRX-12105,2023-05-07,Vino Malbec,17,7100.89,CLI-1211,Neuquén,Tarjeta de Crédito,Ana García,263.34
TRX-10781,2023-02-21,,24,2494.31,CLI-967,San Juan,,Soporte Ventas,1101.48
TRX-11749,2023-08-18,Espumante,18,5863.66,CLI-1411,Neuquén,Tarjeta de Crédito,Juan Pérez,1106.22
TRX-12126,2023-09-25,Syrah,19,7099.03,CLI-1490,Catamarca,Transferencia,Soporte Ventas,1464.41
TRX-12260,2023-01-20,Vino Rosado,3,7057.94,CLI-1068,Catamarca,Transferencia,Marta Gómez,629.55
TRX-11678,2023-09-28,Cabernet Sauvignon,16,6950.45,CLI-1386,Mendoza,Efectivo,Ana García,893.22
TRX-12261,2023-05-06,,18,6835.86,CLI-1069,Neuquén,Tarjeta de Crédito,Marta Gómez,306.66
TRX-10883,2023-01-28,Vino Rosado,5,7947.47,CLI-1205,San Juan,,Luis Rodriguez,1093.25
TRX-12440,2023-12-03,Vino Malbec,18,10969.72,CLI-1121,La Rioja,,Juan Pérez,829.33
TRX-11091,2024-02-13,Espumante,20,11298.26,CLI-627,San Juan,Transferencia,Juan Pérez,717.82
TRX-11177,2024-03-09,Vino Rosado,14,4106.01,CLI-1255,Catamarca,Transferencia,Juan Pérez,1441.79
TRX-10531,2023-08-29,Syrah,19,10682.44,CLI-1248,Neuquén,Tarjeta de Crédito,Soporte Ventas,1088.2
TRX-12079,2023-10-04,Vino Malbec,9,2590.5,CLI-859,Neuquén,Efectivo,Juan Pérez,1266.47
TRX-10959,2023-04-05,Bonarda,11,5206.16,CLI-742,Neuquén,Tarjeta de Crédito,Juan Pérez,1169.8
TRX-11854,2023-04-09,Bonarda,5,,CLI-580,Salta,,Luis Rodriguez,496.46
TRX-11727,2024-03-01,Syrah,5,8456.21,CLI-1296,Catamarca,,Luis Rodriguez,1497.88
TRX-10610,2023-11-04,Vino Malbec,18,2333.16,CLI-1113,Neuquén,Transferencia,Luis Rodriguez,467.42
TRX-10570,2024-01-16,Syrah,3,2017.34,CLI-933,San Juan,App Mobile,Marta Gómez,416.28
TRX-11979,2024-01-30,Syrah,15,2893.73,CLI-593,Catamarca,Transferencia,Marta Gómez,1386.87
TRX-11317,05/06/2023,Vino Blend,12,6300.47,CLI-635,San Juan,App Mobile,Marta Gómez,575.68
TRX-10343,2023-06-19,Vino Blend,17,9670.78,CLI-608,La Rioja,Efectivo,Juan Pérez,578.77
TRX-10587,2023-06-17,Espumante,18,8321.56,CLI-943,San Juan,Efectivo,Luis Rodriguez,1240.96
TRX-10636,2024-01-08,Vino Rosado,21,7801.14,CLI-548,San Juan,Tarjeta de Crédito,Luis Rodriguez,745.76
TRX-10434,2024-03-10,Bonarda,15,3694.8,CLI-1215,San Juan,Transferencia,Marta Gómez,898.68
TRX-11903,2024-02-23,Syrah,16,1815.59,CLI-834,Catamarca,Tarjeta de Crédito,Marta Gómez,1221.7
TRX-10097,2023-09-21,Vino Chardonnay,2,11516.57,CLI-1154,Neuquén,Efectivo,Marta Gómez,1116.37
TRX-12451,2023-12-13,Vino Rosado,5,9381.31,CLI-1171,Catamarca,App Mobile,Marta Gómez,1499.24
TRX-12069,2023-09-24,Vino Rosado,7,5978.9,CLI-782,Mendoza,,Soporte Ventas,1258.89
TRX-11537,2023-09-22,Vino Blend,4,2199.17,CLI-1241,Catamarca,Transferencia,Soporte Ventas,491.59
TRX-12316,2023-09-27,Vino Malbec,9,,CLI-1438,Catamarca,,Ana García,291.12
TRX-12411,2023-02-08,Vino Malbec,2,3043.68,CLI-578,Salta,Transferencia,Luis Rodriguez,504.46
TRX-11517,01/09/2023,Vino Chardonnay,9,3377.27,CLI-865,Catamarca,App Mobile,Juan Pérez,1249.87
TRX-10965,2024-01-27,Vino Malbec,5,8859.33,CLI-1037,Neuquén,Tarjeta de Crédito,Luis Rodriguez,1005.91
TRX-11633,2023-08-16,Espumante,10,11704.94,CLI-1368,Salta,Transferencia,Luis Rodriguez,527.61
TRX-10528,2024-03-15,Cabernet Sauvignon,8,2280.39,CLI-550,Neuquén,Efectivo,Luis Rodriguez,683.46
TRX-10176,2023-11-17,Vino Malbec,11,4740.86,CLI-902,Neuquén,,Luis Rodriguez,1309.43
TRX-11704,2023-07-10,Vino Blend,7,4898.88,CLI-676,San Juan,App Mobile,Ana García,1240.03
TRX-12090,2023-11-23,Cabernet Sauvignon,12,3971.52,CLI-590,La Rioja,Tarjeta de Crédito,Marta Gómez,931.68
TRX-12075,2023-05-22,Syrah,17,10314.95,CLI-698,Catamarca,,Juan Pérez,989.14
TRX-10572,2023-11-26,Syrah,9,10734.48,CLI-1393,Neuquén,,Soporte Ventas,1239.94
TRX-12364,2023-03-21,Vino Blend,23,8272.98,CLI-775,La Rioja,,Juan Pérez,1330.34
TRX-10592,14/02/2024,Cabernet Sauvignon,18,3913.82,CLI-546,Neuquén,,Ana García,1070.13
TRX-11325,2023-01-22,Syrah,10,7009.95,CLI-640,Mendoza,App Mobile,Luis Rodriguez,268.34
TRX-10894,2023-09-14,Vino Blend,16,7761.02,CLI-1238,Mendoza,Transferencia,Marta Gómez,957.21
TRX-10628,2023-06-02,Vino Chardonnay,6,,CLI-1261,La Rioja,,Soporte Ventas,368.99
TRX-12208,2023-08-24,Vino Rosado,15,9941.54,CLI-1319,Mendoza,App Mobile,Ana García,210.73
TRX-10424,2023-04-14,Vino Chardonnay,19,8878.95,CLI-600,Catamarca,App Mobile,Ana García,277.14
TRX-11931,2023-02-15,Espumante,4,11768.2,CLI-796,Neuquén,App Mobile,Soporte Ventas,483.46
TRX-10383,2024-03-07,Vino Chardonnay,13,3211.61,CLI-864,La Rioja,Efectivo,Luis Rodriguez,1103.82
TRX-10852,2023-06-29,Syrah,1,9259.86,CLI-1192,Mendoza,App Mobile,Marta Gómez,1287.26
TRX-11880,2023-03-09,Espumante,24,4546.47,CLI-892,Salta,,Ana García,900.24
TRX-10370,2023-06-21,Cabernet Sauvignon,21,10773.67,CLI-1259,Catamarca,,Marta Gómez,450.21
TRX-12443,2023-07-10,Vino Chardonnay,23,8583.9,CLI-914,La Rioja,App Mobile,Soporte Ventas,229.43
TRX-11753,2023-06-10,Bonarda,3,11071.43,CLI-1008,Mendoza,Tarjeta de Crédito,Ana García,1375.79
TRX-11105,2023-10-11,Espumante,6,6612.63,CLI-509,Catamarca,Efectivo,Marta Gómez,1104.12
TRX-12068,2023-10-13,Cabernet Sauvignon,11,2419.66,CLI-698,Catamarca,Transferencia,Soporte Ventas,970.49
TRX-10164,2023-12-19,Vino Rosado,8,2026.05,CLI-916,Catamarca,Tarjeta de Crédito,Juan Pérez,1388.39
TRX-11336,2024-02-01,Vino Rosado,17,2750.48,CLI-1012,San Juan,,Juan Pérez,814.19
TRX-12189,2023-08-25,Syrah,5,4117.1,CLI-538,La Rioja,,Soporte Ventas,414.21
TRX-10895,2023-08-19,Espumante,6,10044.86,CLI-1345,Salta,App Mobile,Luis Rodriguez,231.36
TRX-12384,2023-10-02,Vino Malbec,19,7636.1,CLI-960,Catamarca,,Soporte Ventas,1408.33
TRX-12246,2024-01-26,Syrah,17,1593.19,CLI-1411,Mendoza,Transferencia,Soporte Ventas,826.49
TRX-10943,2023-06-27,Vino Malbec,12,3396.94,CLI-1337,Mendoza,Tarjeta de Crédito,Ana García,1413.53
TRX-11495,2023-04-20,Bonarda,3,3875.73,CLI-1416,San Juan,Transferencia,Soporte Ventas,388.3
TRX-11171,2023-01-18,Bonarda,2,8161.07,CLI-1313,Catamarca,App Mobile,Luis Rodriguez,598.69
TRX-10671,2023-05-02,Vino Malbec,6,8762.64,CLI-814,La Rioja,Efectivo,Marta Gómez,869.52
TRX-12001,2024-02-21,Vino Blend,22,6115.18,CLI-604,Neuquén,Efectivo,Soporte Ventas,1130.31
TRX-11422,2023-10-22,Bonarda,5,11445.0,CLI-534,Mendoza,Tarjeta de Crédito,Ana García,774.2
TRX-12406,2023-11-16,Espumante,9,6594.51,CLI-1244,Neuquén,App Mobile,Soporte Ventas,1000.32
TRX-10689,2023-06-19,Vino Chardonnay,23,1866.76,CLI-899,Mendoza,Efectivo,Marta Gómez,1459.32
TRX-12243,2023-02-03,Vino Blend,22,7350.35,CLI-1313,San Juan,Efectivo,Ana García,1100.97
TRX-11464,2023-10-12,Cabernet Sauvignon,22,2402.56,CLI-1322,Catamarca,Transferencia,Ana García,1496.29
TRX-10874,2023-07-16,Vino Chardonnay,12,2198.2,CLI-917,La Rioja,,Juan Pérez,317.35
TRX-12297,2024-02-17,Vino Rosado,12,10701.67,CLI-1408,Catamarca,App Mobile,Soporte Ventas,1427.91
TRX-12389,2023-07-23,Vino Chardonnay,15,,CLI-651,Neuquén,App Mobile,Ana García,490.05
TRX-11719,2023-03-12,Vino Chardonnay,16,5528.9,CLI-1484,Catamarca,Transferencia,Marta Gómez,863.7
TRX-11251,2024-01-02,Bonarda,24,4639.33,CLI-1388,La Rioja,Efectivo,Marta Gómez,590.41
TRX-12413,2023-03-31,Syrah,23,5912.81,CLI-908,Catamarca,,Luis Rodriguez,412.93
TRX-10840,2024-03-22,Cabernet Sauvignon,4,7292.02,CLI-840,Mendoza,App Mobile,Marta Gómez,1020.2
TRX-11579,2023-08-16,Syrah,10,8597.25,CLI-746,Neuquén,Efectivo,Soporte Ventas,659.84
TRX-10581,2023-09-30,Syrah,16,10480.62,CLI-963,Neuquén,Tarjeta de Crédito,Soporte Ventas,1268.15
TRX-10204,2023-05-26,Vino Blend,10,3384.05,CLI-562,La Rioja,Tarjeta de Crédito,Ana García,777.1
TRX-11641,2023-08-09,Vino Chardonnay,12,10574.43,CLI-595,Mendoza,App Mobile,Juan Pérez,728.86
TRX-12014,2023-06-04,Espumante,5,2490.44,CLI-810,Mendoza,,Marta Gómez,976.2
TRX-10905,2023-07-08,Vino Rosado,9,3663.83,CLI-813,Neuquén,Efectivo,Ana García,896.73
TRX-10631,2023-01-02,Espumante,5,6832.76,CLI-757,La Rioja,Transferencia,Luis Rodriguez,202.93
TRX-10269,2024-03-26,,17,2821.81,CLI-1290,San Juan,Efectivo,Juan Pérez,372.74
TRX-11974,2023-07-10,Bonarda,17,4088.94,CLI-1362,Salta,Tarjeta de Crédito,Luis Rodriguez,475.7
TRX-10162,2023-03-26,Syrah,10,5904.0,CLI-838,La Rioja,Efectivo,Marta Gómez,1110.99
TRX-10902,2023-07-13,Vino Blend,20,9608.04,CLI-629,Salta,Transferencia,Soporte Ventas,1175.64
TRX-11243,2023-12-21,Espumante,19,7010.22,CLI-1103,Mendoza,Tarjeta de Crédito,Soporte Ventas,390.92
TRX-11365,2023-04-24,Vino Blend,24,10087.81,CLI-1268,San Juan,App Mobile,Soporte Ventas,651.94
TRX-10617,2024-02-01,Vino Malbec,9,5567.19,CLI-1187,Neuquén,Tarjeta de Crédito,Juan Pérez,529.18
TRX-10875,2023-06-02,Cabernet Sauvignon,18,1515.96,CLI-1368,Catamarca,Transferencia,Marta Gómez,590.91
TRX-11431,2023-03-06,Bonarda,3,10388.76,CLI-1125,Mendoza,Tarjeta de Crédito,Juan Pérez,923.36
TRX-10547,2024-03-16,Vino Blend,10,3227.85,CLI-801,San Juan,Transferencia,Ana García,1476.75
TRX-10984,2024-01-26,Vino Rosado,23,3964.87,CLI-1105,Catamarca,,Marta Gómez,566.34
TRX-11687,2023-04-12,Vino Chardonnay,10,7822.42,CLI-1187,Mendoza,,Ana García,1028.21
TRX-11619,2023-10-06,Bonarda,7,6617.31,CLI-946,La Rioja,Transferencia,Juan Pérez,214.4
TRX-12456,2023-06-14,Espumante,2,,CLI-1096,Neuquén,App Mobile,Soporte Ventas,1352.53
TRX-11851,2023-05-28,Syrah,19,3061.27,CLI-1218,San Juan,Transferencia,Soporte Ventas,1363.05
TRX-11311,2023-09-27,Vino Blend,10,6585.36,CLI-658,Salta,Tarjeta de Crédito,Marta Gómez,535.49
TRX-11205,2023-08-05,Vino Chardonnay,20,11482.05,CLI-686,Neuquén,App Mobile,Soporte Ventas,1342.02
TRX-11861,2024-01-31,Espumante,14,6860.87,CLI-503,Catamarca,App Mobile,Luis Rodriguez,1416.54
TRX-10640,2023-12-20,Bonarda,19,2977.8,CLI-1243,Mendoza,,Marta Gómez,205.17
TRX-11009,2023-01-02,Vino Blend,24,9159.86,CLI-791,La Rioja,Efectivo,Soporte Ventas,321.5
TRX-10637,2024-01-19,Vino Blend,16,3694.31,CLI-1041,Neuquén,Efectivo,Juan Pérez,224.17
TRX-11625,2023-09-06,Vino Rosado,4,11196.45,CLI-859,La Rioja,Tarjeta de Crédito,Ana García,1476.42
TRX-12308,2024-02-08,Bonarda,20,1992.78,CLI-1355,Catamarca,Efectivo,Juan Pérez,240.67
TRX-10703,2023-10-02,Cabernet Sauvignon,14,5028.66,CLI-1138,La Rioja,,Marta Gómez,1145.11
TRX-12096,2023-01-22,Vino Rosado,20,2998.64,CLI-1028,Salta,Transferencia,Juan Pérez,1480.91
TRX-11855,2023-06-16,Bonarda,7,8962.7,CLI-1194,Salta,Tarjeta de Crédito,Juan Pérez,332.43
TRX-11956,2023-01-28,Bonarda,1,3327.59,CLI-1329,La Rioja,Efectivo,Soporte Ventas,1244.07
TRX-11372,2023-12-01,Espumante,4,11868.64,CLI-867,Mendoza,Transferencia,Luis Rodriguez,1480.52
TRX-10580,2023-11-06,Vino Chardonnay,6,11046.42,CLI-901,Catamarca,Efectivo,Ana García,976.96
TRX-10921,2024-03-15,Vino Malbec,21,5977.37,CLI-1434,Catamarca,,Luis Rodriguez,992.28
TRX-10546,2023-04-02,Espumante,18,7085.67,CLI-704,Mendoza,Transferencia,Juan Pérez,254.71
TRX-11449,2024-03-15,Espumante,23,11860.95,CLI-836,Mendoza,Efectivo,Marta Gómez,1083.85
TRX-11900,2023-12-23,,10,11681.54,CLI-559,San Juan,Efectivo,Juan Pérez,537.78
TRX-12028,2024-02-07,Cabernet Sauvignon,3,1659.6,CLI-791,Neuquén,,Marta Gómez,1201.77
TRX-12301,2024-01-22,Vino Chardonnay,21,8553.93,CLI-1092,Catamarca,Tarjeta de Crédito,Luis Rodriguez,663.75
TRX-11885,2023-08-14,Syrah,17,4811.6,CLI-1470,Salta,App Mobile,Luis Rodriguez,667.73
TRX-11642,2023-10-14,Bonarda,8,8080.11,CLI-1108,Mendoza,App Mobile,Soporte Ventas,341.67
TRX-10972,2023-02-07,Vino Malbec,12,7257.35,CLI-692,MENDOZA,,Ana García,1243.04
TRX-11794,2023-03-04,Espumante,5,10266.73,CLI-562,San Juan,Efectivo,Juan Pérez,1143.91
TRX-12097,2023-09-14,Vino Chardonnay,10,4951.76,CLI-654,Mendoza,Tarjeta de Crédito,Soporte Ventas,1099.24
TRX-10137,2023-09-28,Bonarda,23,9911.93,CLI-940,Neuquén,App Mobile,Luis Rodriguez,1490.33
TRX-11596,2024-02-29,Vino Blend,18,7184.19,CLI-1068,Catamarca,Efectivo,Marta Gómez,400.94
TRX-10499,2023-07-11,Vino Chardonnay,2,11982.83,CLI-848,La Rioja,Tarjeta de Crédito,Ana García,680.17
TRX-11528,2024-02-16,Bonarda,13,,CLI-1287,Mendoza,Tarjeta de Crédito,Ana García,835.02
TRX-10836,2023-09-11,Espumante,21,6552.0,CLI-1234,Salta,Transferencia,Ana García,1024.7
TRX-10601,2024-03-16,,24,10938.66,CLI-1470,Neuquén,,Juan Pérez,465.13
TRX-12184,2023-11-10,Bonarda,2,5428.06,CLI-1469,Neuquén,,Luis Rodriguez,1013.9
TRX-10074,2024-02-22,Vino Chardonnay,18,4935.79,CLI-605,Salta,Transferencia,Ana García,866.76
TRX-12171,2023-05-07,Vino Rosado,17,1916.25,CLI-727,Neuquén,Tarjeta de Crédito,Soporte Ventas,1130.87
TRX-12125,2023-01-06,Espumante,17,9119.31,CLI-748,Catamarca,App Mobile,Luis Rodriguez,506.34
TRX-11582,2023-04-20,Cabernet Sauvignon,6,8133.66,CLI-1403,San Juan,,Luis Rodriguez,1414.71
TRX-11733,2023-04-03,Vino Blend,6,3689.06,CLI-1356,Catamarca,Tarjeta de Crédito,Ana García,1135.08
TRX-10398,2023-03-26,Vino Malbec,15,3206.52,CLI-524,Catamarca,Tarjeta de Crédito,Ana García,325.78
TRX-12010,2023-09-12,Vino Chardonnay,10,8048.46,CLI-1187,Neuquén,Tarjeta de Crédito,Marta Gómez,1043.09
TRX-11070,2023-12-26,Espumante,3,9896.46,CLI-1154,Mendoza,,Ana García,732.52
TRX-11775,2023-11-10,Vino Chardonnay,22,8099.51,CLI-1006,Catamarca,,Marta Gómez,948.21
TRX-10659,2023-07-03,Espumante,6,11857.69,CLI-608,Mendoza,,Luis Rodriguez,1203.25
TRX-11283,2024-01-27,Espumante,9,5253.85,CLI-780,Mendoza,App Mobile,Marta Gómez,810.94
TRX-10197,2023-09-17,,11,7590.23,CLI-660,San Juan,Efectivo,Juan Pérez,605.87
TRX-10160,2023-11-14,Syrah,23,2969.36,CLI-965,San Juan,Transferencia,Ana García,1051.94
TRX-11836,2023-02-10,Vino Chardonnay,5,8164.66,CLI-757,Salta,App Mobile,Ana García,470.83
TRX-11141,2023-12-31,Vino Blend,17,3801.95,CLI-713,Catamarca,App Mobile,Soporte Ventas,774.12
TRX-11019,2023-05-15,Cabernet Sauvignon,14,8201.75,CLI-1432,Neuquén,Efectivo,Soporte Ventas,950.93
TRX-10970,2023-07-22,Syrah,19,9009.71,CLI-506,Catamarca,Transferencia,Luis Rodriguez,1128.17
TRX-11326,2023-06-27,Espumante,18,8487.39,CLI-972,Mendoza,Tarjeta de Crédito,Luis Rodriguez,355.56
TRX-10475,2024-02-27,Cabernet Sauvignon,2,6595.13,CLI-502,Neuquén,Efectivo,Ana García,1163.35
TRX-11136,2023-05-25,Vino Rosado,15,7539.62,CLI-912,La Rioja,Tarjeta de Crédito,Soporte Ventas,276.73
TRX-11651,2023-06-27,Vino Rosado,4,8102.62,CLI-1206,Neuquén,,Juan Pérez,252.54
TRX-10830,2024-02-12,Cabernet Sauvignon,14,11983.52,CLI-1393,San Juan,Efectivo,Soporte Ventas,1488.03
TRX-11169,2023-07-31,Vino Chardonnay,14,5100.61,CLI-683,La Rioja,,Soporte Ventas,1482.14
TRX-11206,2023-06-16,Cabernet Sauvignon,16,8349.36,CLI-1059,San Juan,App Mobile,Luis Rodriguez,430.57
TRX-11608,2023-09-30,Vino Rosado,20,4728.54,CLI-1037,Mendoza,,Juan Pérez,280.19
TRX-10182,2024-03-20,Vino Chardonnay,2,4962.59,CLI-1085,San Juan,App Mobile,Juan Pérez,1039.59
TRX-11373,2023-08-06,Vino Blend,2,11619.39,CLI-1258,San Juan,,Juan Pérez,438.24
TRX-10739,2023-06-07,Syrah,14,2274.07,CLI-1152,La Rioja,App Mobile,Juan Pérez,283.26
TRX-10431,2023-11-27,Bonarda,10,3913.03,CLI-1179,Mendoza,Transferencia,Luis Rodriguez,1135.7
TRX-12404,2023-11-02,Cabernet Sauvignon,20,1819.46,CLI-1116,La Rioja,Efectivo,Soporte Ventas,777.58
TRX-10867,2023-02-14,Cabernet Sauvignon,19,2234.62,CLI-1233,Neuquén,,Soporte Ventas,1211.73
TRX-11140,2023-12-20,Vino Malbec,23,7705.28,CLI-1137,Salta,Efectivo,Soporte Ventas,678.32
TRX-10997,2024-02-11,Espumante,19,10245.64,CLI-1315,Neuquén,Efectivo,Luis Rodriguez,1104.95
TRX-11337,2023-08-02,Cabernet Sauvignon,13,4866.03,CLI-951,La Rioja,Efectivo,Ana García,989.37
TRX-10541,2024-01-14,Syrah,8,10475.49,CLI-889,Salta,Efectivo,Juan Pérez,1127.5
TRX-11099,2023-09-30,Syrah,18,3789.05,CLI-1040,Catamarca,App Mobile,Juan Pérez,1240.8
TRX-11132,2024-02-12,Vino Chardonnay,9,11799.68,CLI-700,Catamarca,App Mobile,Ana García,1371.58
TRX-10663,2023-11-29,Vino Malbec,11,5835.95,CLI-996,Mendoza,Transferencia,Luis Rodriguez,1162.57
TRX-10405,2023-03-01,,17,5083.69,CLI-1256,Neuquén,Efectivo,Marta Gómez,847.42
TRX-12258,2024-02-23,Vino Chardonnay,9,5875.62,CLI-939,San Juan,Tarjeta de Crédito,Marta Gómez,631.01
TRX-11901,2023-10-29,Vino Blend,5,1593.18,CLI-1077,Salta,,Luis Rodriguez,526.69
TRX-10059,2023-11-14,Vino Rosado,3,5431.3,CLI-699,Catamarca,Tarjeta de Crédito,Marta Gómez,950.55
TRX-12206,2023-12-28,Espumante,24,1734.99,CLI-920,La Rioja,App Mobile,Ana García,958.12
TRX-11938,2023-12-29,Vino Malbec,6,5458.71,CLI-999,San Juan,,Juan Pérez,1055.47
TRX-10593,2023-06-20,Vino Blend,16,11724.11,CLI-848,Catamarca,Tarjeta de Crédito,Marta Gómez,1450.07
TRX-10161,2024-03-10,Vino Malbec,4,3930.78,CLI-1081,La Rioja,Transferencia,Juan Pérez,927.7
TRX-11078,2023-02-25,Syrah,21,8483.66,CLI-664,San Juan,Efectivo,Soporte Ventas,1356.91
TRX-10335,2023-08-05,Vino Rosado,4,2361.92,CLI-1175,La Rioja,Transferencia,Juan Pérez,318.95
TRX-10525,2024-03-22,Vino Blend,8,5645.36,CLI-640,Salta,Efectivo,Juan Pérez,480.45
TRX-12320,2023-04-08,Vino Chardonnay,7,5676.7,CLI-1056,La Rioja,Efectivo,Luis Rodriguez,1217.02
TRX-10940,2023-07-28,Vino Blend,5,9226.96,CLI-836,San Juan,Tarjeta de Crédito,Marta Gómez,1142.94
TRX-11080,2023-07-26,Cabernet Sauvignon,23,2136.14,CLI-907,Mendoza,,Marta Gómez,899.28
TRX-10187,2024-01-17,Espumante,24,2492.83,CLI-1351,Mendoza,Tarjeta de Crédito,Juan Pérez,742.71
TRX-11795,2023-10-19,Cabernet Sauvignon,16,10912.05,CLI-1470,Neuquén,Efectivo,Marta Gómez,923.41
TRX-12085,2023-05-06,Vino Blend,8,3411.71,CLI-943,Neuquén,Efectivo,Marta Gómez,1292.83
TRX-12249,2023-08-21,Vino Rosado,20,10962.14,CLI-906,Mendoza,Efectivo,Luis Rodriguez,301.32
TRX-12452,2024-03-04,Vino Malbec,11,5266.91,CLI-1377,La Rioja,Transferencia,Luis Rodriguez,631.66
TRX-10870,2023-03-06,Cabernet Sauvignon,3,9119.45,CLI-779,Mendoza,App Mobile,Marta Gómez,688.62
TRX-12023,2023-07-09,Vino Blend,4,2717.82,CLI-1211,Catamarca,Tarjeta de Crédito,Soporte Ventas,360.43
TRX-10821,2024-03-11,Vino Chardonnay,12,3762.34,CLI-663,La Rioja,Transferencia,Ana García,335.75
TRX-11492,2023-02-28,Vino Rosado,20,2516.99,CLI-1246,Mendoza,Tarjeta de Crédito,Juan Pérez,1072.35
TRX-11828,2024-03-01,Vino Blend,16,3792.24,CLI-631,Neuquén,Transferencia,Marta Gómez,288.75
TRX-10226,2023-11-02,Cabernet Sauvignon,1,4692.39,CLI-1079,Salta,Tarjeta de Crédito,Soporte Ventas,350.85
TRX-11013,2023-01-08,,11,11445.42,CLI-1205,Neuquén,,Juan Pérez,307.4
TRX-11929,2023-03-29,Espumante,14,10227.41,CLI-530,Salta,Transferencia,Ana García,1400.92
TRX-11043,2023-12-10,Cabernet Sauvignon,2,9652.74,CLI-1319,Neuquén,Efectivo,Soporte Ventas,739.01
TRX-11155,2023-11-18,Vino Rosado,6,,CLI-1488,Salta,Tarjeta de Crédito,Juan Pérez,811.18
TRX-11404,2024-01-29,,18,3161.29,CLI-1095,Salta,Tarjeta de Crédito,Soporte Ventas,1046.84
TRX-12179,2023-08-27,Bonarda,24,7079.45,CLI-644,Neuquén,Efectivo,Marta Gómez,434.12
TRX-10697,2024-02-17,Cabernet Sauvignon,11,3727.86,CLI-1412,Catamarca,,Soporte Ventas,1206.96
TRX-11124,2023-01-21,Vino Chardonnay,20,,CLI-1209,La Rioja,Efectivo,Luis Rodriguez,681.25
TRX-11093,2023-01-09,Bonarda,17,9632.21,CLI-876,San Juan,Efectivo,Juan Pérez,234.55
TRX-11014,2024-03-09,Cabernet Sauvignon,4,11033.12,CLI-588,Catamarca,,Luis Rodriguez,864.45
TRX-11778,2024-03-08,Vino Chardonnay,19,5718.65,CLI-620,Salta,Efectivo,Marta Gómez,565.79
TRX-11656,2023-11-25,Espumante,14,8226.98,CLI-1210,Neuquén,Efectivo,Marta Gómez,1286.11
TRX-11037,2023-10-08,Vino Rosado,18,10203.86,CLI-1198,Catamarca,Tarjeta de Crédito,Luis Rodriguez,1258.37
TRX-11997,2024-01-13,Bonarda,13,5896.81,CLI-652,Mendoza,App Mobile,Luis Rodriguez,1418.17
TRX-12256,2023-02-06,Vino Chardonnay,3,2800.17,CLI-613,San Juan,Efectivo,Marta Gómez,1490.18
TRX-10313,2023-01-14,Espumante,15,7343.79,CLI-1448,San Juan,Tarjeta de Crédito,Marta Gómez,1221.1
TRX-12281,2023-06-07,Vino Rosado,2,5061.22,CLI-941,Catamarca,Tarjeta de Crédito,Juan Pérez,403.61
TRX-11416,2023-10-09,Cabernet Sauvignon,18,8402.91,CLI-1131,Mendoza,Efectivo,Marta Gómez,422.21
TRX-11036,2023-08-06,Syrah,18,6705.4,CLI-927,Mendoza,Tarjeta de Crédito,Marta Gómez,953.14
TRX-12159,2023-12-03,Vino Malbec,5,,CLI-668,San Juan,Efectivo,Luis Rodriguez,1412.49
TRX-10922,2023-05-30,Vino Malbec,6,4645.11,CLI-655,Catamarca,Tarjeta de Crédito,Juan Pérez,694.71
TRX-11754,2023-10-26,Vino Chardonnay,17,11779.55,CLI-1357,Salta,,Soporte Ventas,895.97
TRX-12278,2023-06-27,Syrah,20,7424.9,CLI-1129,La Rioja,,Luis Rodriguez,522.88
TRX-12349,2023-08-18,Vino Malbec,5,5922.68,CLI-836,Mendoza,Transferencia,Marta Gómez,1237.73
TRX-11428,2023-04-17,Cabernet Sauvignon,10,10783.64,CLI-1452,Salta,Tarjeta de Crédito,Ana García,1211.21
TRX-10873,2023-12-27,Bonarda,9,1793.76,CLI-693,La Rioja,Efectivo,Ana García,980.7
TRX-11855,2023-06-16,Bonarda,7,8962.7,CLI-1194,Salta,Tarjeta de Crédito,Juan Pérez,332.43
TRX-11247,2024-02-23,Espumante,16,9190.39,CLI-718,Catamarca,Efectivo,Juan Pérez,973.79
TRX-11506,2023-08-22,Vino Rosado,11,11749.25,CLI-590,Salta,,Ana García,1199.49
TRX-11923,2023-05-19,Syrah,7,5722.52,CLI-746,San Juan,,Marta Gómez,735.27
TRX-10448,2024-02-10,Syrah,16,6818.31,CLI-1048,Catamarca,App Mobile,Luis Rodriguez,1202.66
TRX-10471,2023-06-15,Cabernet Sauvignon,11,4329.16,CLI-1173,La Rioja,,Luis Rodriguez,345.72
TRX-11284,2023-06-08,Vino Malbec,1,7575.16,CLI-1497,Mendoza,Efectivo,Soporte Ventas,520.59
TRX-11899,2023-03-03,Espumante,20,9301.37,CLI-768,Salta,Tarjeta de Crédito,Marta Gómez,239.07
TRX-12176,23/02/2023,Syrah,19,5309.1,CLI-1084,Neuquén,Efectivo,Soporte Ventas,1302.79
TRX-10361,2023-05-07,Vino Blend,9,4647.54,CLI-890,Neuquén,Transferencia,Marta Gómez,839.24
TRX-12183,2023-08-28,Vino Malbec,5,6008.85,CLI-1464,Catamarca,Transferencia,Luis Rodriguez,1334.68
TRX-11134,2023-08-19,Vino Rosado,15,10168.83,CLI-1270,Mendoza,Transferencia,Marta Gómez,492.82
TRX-11304,2023-08-04,Bonarda,15,8605.26,CLI-507,Mendoza,,Marta Gómez,318.81
TRX-12155,2023-12-10,Vino Blend,22,8545.52,CLI-705,Salta,,Juan Pérez,583.96
TRX-11830,2023-06-26,Cabernet Sauvignon,7,6080.74,CLI-1170,San Juan,Tarjeta de Crédito,Soporte Ventas,969.46
TRX-11053,2023-05-31,Vino Blend,11,9667.99,CLI-1361,Mendoza,Transferencia,Juan Pérez,788.37
TRX-12460,2024-02-03,Vino Rosado,19,,CLI-994,Catamarca,,Soporte Ventas,646.3
TRX-10022,2023-10-05,Espumante,7,3959.13,CLI-1318,Neuquén,Transferencia,Juan Pérez,757.63
TRX-12066,2023-03-10,Syrah,22,11316.46,CLI-1397,San Juan,App Mobile,Juan Pérez,1024.29
TRX-11653,2023-01-05,Espumante,18,6452.2,CLI-1259,Catamarca,App Mobile,Ana García,826.2
TRX-10702,2024-03-26,Vino Chardonnay,10,6107.22,CLI-603,Neuquén,,Soporte Ventas,538.05
TRX-10514,2023-08-20,Vino Malbec,8,5661.06,CLI-1496,San Juan,,Luis Rodriguez,337.13
TRX-11376,2023-12-26,Vino Malbec,14,9846.55,CLI-1211,La Rioja,App Mobile,Marta Gómez,1064.93
TRX-11724,2023-03-09,Syrah,19,2552.75,CLI-1354,La Rioja,Efectivo,Marta Gómez,481.35
TRX-12468,2023-12-12,Bonarda,15,2484.89,CLI-567,San Juan,Transferencia,Juan Pérez,531.3
TRX-12325,2023-12-03,Bonarda,22,2838.19,CLI-1436,La Rioja,,Ana García,485.23
TRX-10460,2023-12-25,Vino Blend,10,1609.71,CLI-623,Salta,App Mobile,Luis Rodriguez,489.69
TRX-11067,2024-03-08,Vino Chardonnay,15,2628.58,CLI-1047,Catamarca,Efectivo,Soporte Ventas,757.13
TRX-10087,2023-11-05,Vino Blend,23,2253.3,CLI-641,Catamarca,App Mobile,Marta Gómez,942.53
TRX-11430,2023-07-21,Cabernet Sauvignon,16,11062.62,CLI-1457,Mendoza,Efectivo,Marta Gómez,1484.81
TRX-11486,2023-10-06,Bonarda,10,11117.77,CLI-1162,Salta,Efectivo,Soporte Ventas,790.69
TRX-10282,2024-01-30,Vino Chardonnay,20,4441.25,CLI-1052,La Rioja,,Luis Rodriguez,418.02
TRX-12483,2024-02-05,Cabernet Sauvignon,5,4389.54,CLI-660,San Juan,Transferencia,Luis Rodriguez,716.37
TRX-10462,2023-08-13,Cabernet Sauvignon,5,2958.76,CLI-1432,Salta,,Luis Rodriguez,856.53
TRX-10212,2024-03-01,Espumante,18,8758.72,CLI-803,Neuquén,Tarjeta de Crédito,Soporte Ventas,347.49
TRX-10769,2023-04-18,Vino Malbec,20,4237.96,CLI-1040,Mendoza,App Mobile,Luis Rodriguez,418.39
TRX-11368,2023-08-06,Syrah,6,5686.14,CLI-518,San Juan,App Mobile,Ana García,389.93
TRX-10234,2023-04-29,Vino Chardonnay,14,9280.86,CLI-1180,La Rioja,,Ana García,292.22
TRX-10661,2023-10-19,Bonarda,15,11058.25,CLI-522,Catamarca,Transferencia,Ana García,934.71
TRX-10597,2023-03-14,Syrah,22,6443.73,CLI-813,Mendoza,Tarjeta de Crédito,Marta Gómez,1019.3
TRX-10255,2024-02-03,Cabernet Sauvignon,7,10247.42,CLI-557,San Juan,Tarjeta de Crédito,Marta Gómez,1495.89
TRX-12250,2023-12-31,Syrah,1,3792.52,CLI-996,Neuquén,App Mobile,Luis Rodriguez,386.68
TRX-11759,2023-06-23,Vino Rosado,24,7099.63,CLI-1407,Mendoza,Transferencia,Marta Gómez,1423.0
TRX-12283,2023-10-24,Cabernet Sauvignon,13,9385.86,CLI-1448,Salta,Transferencia,Soporte Ventas,859.35
TRX-10662,2023-03-05,Vino Malbec,12,9945.49,CLI-1286,Neuquén,Transferencia,Luis Rodriguez,1364.91
TRX-10646,2023-04-24,Bonarda,20,7946.12,CLI-1226,Mendoza,Tarjeta de Crédito,Luis Rodriguez,555.32
TRX-12285,2024-02-26,Espumante,18,2958.02,CLI-1470,San Juan,Efectivo,Juan Pérez,649.22
TRX-10301,2023-02-09,Vino Blend,18,1636.54,CLI-665,La Rioja,Transferencia,Luis Rodriguez,297.02
TRX-11927,2024-03-07,Vino Rosado,17,5078.0,CLI-825,Mendoza,,Juan Pérez,1197.28
TRX-12196,2023-11-08,Vino Chardonnay,19,9490.75,CLI-932,Catamarca,Transferencia,Ana García,1244.67
TRX-11256,2023-05-13,Syrah,19,,CLI-977,Salta,Transferencia,Ana García,330.07
TRX-10779,2024-03-09,Vino Malbec,24,11704.09,CLI-943,Neuquén,Efectivo,Soporte Ventas,905.45
TRX-10038,2023-12-19,Espumante,24,1981.3,CLI-1278,Catamarca,App Mobile,Ana García,367.65
TRX-11245,2023-01-11,Vino Rosado,7,7885.24,CLI-680,La Rioja,,Marta Gómez,1247.62
TRX-11567,2023-09-01,Vino Malbec,8,4186.28,CLI-1370,Neuquén,,Ana García,775.99
TRX-12169,2023-06-08,Bonarda,24,8410.18,CLI-963,Catamarca,App Mobile,Ana García,471.37
TRX-12160,15/11/2023,Bonarda,9,1659.14,CLI-1303,Catamarca,App Mobile,Ana García,471.58
TRX-10685,2023-10-02,,8,2629.32,CLI-1299,Mendoza,Tarjeta de Crédito,Marta Gómez,354.19
TRX-11748,2023-04-29,Bonarda,23,10722.51,CLI-524,Salta,Efectivo,Ana García,234.06
TRX-12003,2023-11-08,Vino Blend,24,3162.1,CLI-717,Neuquén,App Mobile,Ana García,904.23
TRX-12461,2024-02-11,Vino Chardonnay,10,10870.14,CLI-1134,Mendoza,Transferencia,Ana García,846.48
